id,name,address,state,zipcode,email
1,Christopher,"9750 Edwards Plains Apt. 218, Fort Hemingsworth, AL 35118",AL,35118,c49martinez@gmail.com
2,Ethan,"953 Kyle Loop, Johnview, MT 59065",MT,59065,eth2ochoa@yahoo.com
3,Carol,"953 Kyle Loop, Johnview, MT 59065",MT,59065,cg_campbell_marks@hotmail.com
4,George,"1919 Joshua Square Suite 643, Carmen Town, WY 83111",WY,83111,georodaw366@hotmail.com
5,Samantha,"4398 Smith Drive, West Manchester, NC 27849",NC,27849,smking7@gmail.com
6,Kimberly,"2935 Steven Canyon Apt. 647, New Rochelle, IA 50557",IA,50557,kddavis89@gmail.com
7,Karissa,"829 Zimmerman Points Suite 688, Port Eduardo, FL 32325",FL,32325,kpnichols_malone@gmail.com
8,Edward,"968 Gilmore Stravenue, Jasonville, MD 21086",MD,21086,ezimmerman@yahoo.com
9,Keith,"953 Kyle Loop, Johnview, MT 59065",MT,59065,keithbmendez@gmail.com
10,Xi,"310 Union Square Apt 643, New York, NY",WY,30111,xiren@gmail.com
11,Michael,"16347 King Summit, Rosedale, NY 10471",NY,10471,mgallenker@yahoo.com
12,Joy,"7178 Bryan Bridge, Lakewood, SD 57442",SD,57442,jelliott234@gmail.com
13,Jon,"7119 Brendan Common Apt. 635, North Diana, UT 84739",UT,84739,jg_russell@hotmail.com
14,Alexis,"829 Zimmerman Points Suite 688, Port Eduardo, FL 32325",FL,32325,alxswanson24@yahoo.com
15,Anna,"29077 Torres Square Suite 890, Rayshire, MN 55084",MN,55084,amrowland@gmail.com
16,Philip,"7858 Kristen Forest Apt. 194, Thompsonstad, PA 15682",PA,15682,phgreen22@gmail.com
17,Casey,"16347 King Summit, Rosedale, NY 10471",NY,10471,c245brown@yahoo.com
18,Amanda,"2935 Steven Canyon Apt. 346, Middleton, ID 83644",ID,83644,arrodinger@yahoo.com
19,Rebecca,"217 W Center St La Plata, MO 63550",MO,63550,rebhoffman356@hotmail.com
20,Mary,"7178 Bryan Bridge, Lakewood, SD 57442",SD,57442,mrsmooney31@hotmail.com
21,Rhea,"1919 Joshua Square Suite 643, Carmen Town, WY 83111",WY,83111,rh2schultz@gmail.com
