id:ID(Place)|name:STRING|url:STRING|:LABEL
0|India|http://dbpedia.org/resource/India|Country
1|China|http://dbpedia.org/resource/China|Country
2|Angola|http://dbpedia.org/resource/Angola|Country
3|Austria|http://dbpedia.org/resource/Austria|Country
4|Azerbaijan|http://dbpedia.org/resource/Azerbaijan|Country
5|Bolivia|http://dbpedia.org/resource/Bolivia|Country
6|Bosnia_and_Herzegovina|http://dbpedia.org/resource/Bosnia_and_Herzegovina|Country
7|Bulgaria|http://dbpedia.org/resource/Bulgaria|Country
8|Chad|http://dbpedia.org/resource/Chad|Country
9|Croatia|http://dbpedia.org/resource/Croatia|Country
10|Denmark|http://dbpedia.org/resource/Denmark|Country
11|Dominican_Republic|http://dbpedia.org/resource/Dominican_Republic|Country
12|El_Salvador|http://dbpedia.org/resource/El_Salvador|Country
13|Estonia|http://dbpedia.org/resource/Estonia|Country
14|Finland|http://dbpedia.org/resource/Finland|Country
15|Honduras|http://dbpedia.org/resource/Honduras|Country
16|Hong_Kong|http://dbpedia.org/resource/Hong_Kong|Country
17|Israel|http://dbpedia.org/resource/Israel|Country
18|Jordan|http://dbpedia.org/resource/Jordan|Country
19|Laos|http://dbpedia.org/resource/Laos|Country
20|Latvia|http://dbpedia.org/resource/Latvia|Country
21|Liberia|http://dbpedia.org/resource/Liberia|Country
22|Libya|http://dbpedia.org/resource/Libya|Country
23|Lithuania|http://dbpedia.org/resource/Lithuania|Country
24|Malta|http://dbpedia.org/resource/Malta|Country
25|Mauritania|http://dbpedia.org/resource/Mauritania|Country
26|Mauritius|http://dbpedia.org/resource/Mauritius|Country
27|Mongolia|http://dbpedia.org/resource/Mongolia|Country
28|Namibia|http://dbpedia.org/resource/Namibia|Country
29|New_Zealand|http://dbpedia.org/resource/New_Zealand|Country
30|Nicaragua|http://dbpedia.org/resource/Nicaragua|Country
31|Northern_Ireland|http://dbpedia.org/resource/Northern_Ireland|Country
32|Norway|http://dbpedia.org/resource/Norway|Country
33|Oman|http://dbpedia.org/resource/Oman|Country
34|Panama|http://dbpedia.org/resource/Panama|Country
35|Papua_New_Guinea|http://dbpedia.org/resource/Papua_New_Guinea|Country
36|Puerto_Rico|http://dbpedia.org/resource/Puerto_Rico|Country
37|Republic_of_Ireland|http://dbpedia.org/resource/Republic_of_Ireland|Country
38|Republic_of_Macedonia|http://dbpedia.org/resource/Republic_of_Macedonia|Country
39|Rwanda|http://dbpedia.org/resource/Rwanda|Country
40|Scotland|http://dbpedia.org/resource/Scotland|Country
41|Singapore|http://dbpedia.org/resource/Singapore|Country
42|Slovakia|http://dbpedia.org/resource/Slovakia|Country
43|Slovenia|http://dbpedia.org/resource/Slovenia|Country
44|Swaziland|http://dbpedia.org/resource/Swaziland|Country
45|Switzerland|http://dbpedia.org/resource/Switzerland|Country
46|Tajikistan|http://dbpedia.org/resource/Tajikistan|Country
47|Uruguay|http://dbpedia.org/resource/Uruguay|Country
48|Wales|http://dbpedia.org/resource/Wales|Country
49|Brazil|http://dbpedia.org/resource/Brazil|Country
50|Germany|http://dbpedia.org/resource/Germany|Country
51|Indonesia|http://dbpedia.org/resource/Indonesia|Country
52|Japan|http://dbpedia.org/resource/Japan|Country
53|Mexico|http://dbpedia.org/resource/Mexico|Country
54|Pakistan|http://dbpedia.org/resource/Pakistan|Country
55|Philippines|http://dbpedia.org/resource/Philippines|Country
56|Russia|http://dbpedia.org/resource/Russia|Country
57|United_States|http://dbpedia.org/resource/United_States|Country
58|Vietnam|http://dbpedia.org/resource/Vietnam|Country
59|Afghanistan|http://dbpedia.org/resource/Afghanistan|Country
60|Algeria|http://dbpedia.org/resource/Algeria|Country
61|Argentina|http://dbpedia.org/resource/Argentina|Country
62|Australia|http://dbpedia.org/resource/Australia|Country
63|Belarus|http://dbpedia.org/resource/Belarus|Country
64|Belgium|http://dbpedia.org/resource/Belgium|Country
65|Burma|http://dbpedia.org/resource/Burma|Country
66|Canada|http://dbpedia.org/resource/Canada|Country
67|Cambodia|http://dbpedia.org/resource/Cambodia|Country
68|Cameroon|http://dbpedia.org/resource/Cameroon|Country
69|Chile|http://dbpedia.org/resource/Chile|Country
70|Colombia|http://dbpedia.org/resource/Colombia|Country
71|Cuba|http://dbpedia.org/resource/Cuba|Country
72|Czech_Republic|http://dbpedia.org/resource/Czech_Republic|Country
73|Democratic_Republic_of_the_Congo|http://dbpedia.org/resource/Democratic_Republic_of_the_Congo|Country
74|Egypt|http://dbpedia.org/resource/Egypt|Country
75|England|http://dbpedia.org/resource/England|Country
76|Ethiopia|http://dbpedia.org/resource/Ethiopia|Country
77|France|http://dbpedia.org/resource/France|Country
78|Greece|http://dbpedia.org/resource/Greece|Country
79|Hungary|http://dbpedia.org/resource/Hungary|Country
80|Iran|http://dbpedia.org/resource/Iran|Country
81|Italy|http://dbpedia.org/resource/Italy|Country
82|Kazakhstan|http://dbpedia.org/resource/Kazakhstan|Country
83|Kenya|http://dbpedia.org/resource/Kenya|Country
84|Madagascar|http://dbpedia.org/resource/Madagascar|Country
85|Malaysia|http://dbpedia.org/resource/Malaysia|Country
86|Moldova|http://dbpedia.org/resource/Moldova|Country
87|Morocco|http://dbpedia.org/resource/Morocco|Country
88|Nepal|http://dbpedia.org/resource/Nepal|Country
89|Netherlands|http://dbpedia.org/resource/Netherlands|Country
90|Niger|http://dbpedia.org/resource/Niger|Country
91|Peru|http://dbpedia.org/resource/Peru|Country
92|Poland|http://dbpedia.org/resource/Poland|Country
93|Portugal|http://dbpedia.org/resource/Portugal|Country
94|Taiwan|http://dbpedia.org/resource/Taiwan|Country
95|Romania|http://dbpedia.org/resource/Romania|Country
96|Senegal|http://dbpedia.org/resource/Senegal|Country
97|South_Africa|http://dbpedia.org/resource/South_Africa|Country
98|South_Korea|http://dbpedia.org/resource/South_Korea|Country
99|Spain|http://dbpedia.org/resource/Spain|Country
100|Sri_Lanka|http://dbpedia.org/resource/Sri_Lanka|Country
101|Sweden|http://dbpedia.org/resource/Sweden|Country
102|Tanzania|http://dbpedia.org/resource/Tanzania|Country
103|Thailand|http://dbpedia.org/resource/Thailand|Country
104|Tunisia|http://dbpedia.org/resource/Tunisia|Country
105|Turkey|http://dbpedia.org/resource/Turkey|Country
106|Ukraine|http://dbpedia.org/resource/Ukraine|Country
107|United_Kingdom|http://dbpedia.org/resource/United_Kingdom|Country
108|Venezuela|http://dbpedia.org/resource/Venezuela|Country
109|Yemen|http://dbpedia.org/resource/Yemen|Country
110|Zambia|http://dbpedia.org/resource/Zambia|Country
111|Pondicherry|http://dbpedia.org/resource/Pondicherry|City
112|Rewari|http://dbpedia.org/resource/Rewari|City
113|Mysore|http://dbpedia.org/resource/Mysore|City
114|Thane|http://dbpedia.org/resource/Thane|City
115|Shibpur|http://dbpedia.org/resource/Shibpur|City
116|Rohtak|http://dbpedia.org/resource/Rohtak|City
117|Jiaganj_Azimganj|http://dbpedia.org/resource/Jiaganj_Azimganj|City
118|Andhra_Pradesh|http://dbpedia.org/resource/Andhra_Pradesh|City
119|Shillong|http://dbpedia.org/resource/Shillong|City
120|Baharampur|http://dbpedia.org/resource/Baharampur|City
121|Bhopal|http://dbpedia.org/resource/Bhopal|City
122|Tezpur|http://dbpedia.org/resource/Tezpur|City
123|Rourkela|http://dbpedia.org/resource/Rourkela|City
124|Chennai|http://dbpedia.org/resource/Chennai|City
125|Noida|http://dbpedia.org/resource/Noida|City
126|Jammu|http://dbpedia.org/resource/Jammu|City
127|Kalyani|http://dbpedia.org/resource/Kalyani|City
128|Delhi|http://dbpedia.org/resource/Delhi|City
129|Gobichettipalayam|http://dbpedia.org/resource/Gobichettipalayam|City
130|Kochi|http://dbpedia.org/resource/Kochi|City
131|Srinagar|http://dbpedia.org/resource/Srinagar|City
132|Ahmedabad|http://dbpedia.org/resource/Ahmedabad|City
133|Pune|http://dbpedia.org/resource/Pune|City
134|Haldia|http://dbpedia.org/resource/Haldia|City
135|Nagpur|http://dbpedia.org/resource/Nagpur|City
136|Kakinada|http://dbpedia.org/resource/Kakinada|City
137|Berhampur|http://dbpedia.org/resource/Berhampur|City
138|Darbhanga|http://dbpedia.org/resource/Darbhanga|City
139|Thirthahalli|http://dbpedia.org/resource/Thirthahalli|City
140|Bikaner|http://dbpedia.org/resource/Bikaner|City
141|Vellore|http://dbpedia.org/resource/Vellore|City
142|Surat|http://dbpedia.org/resource/Surat|City
143|Anantapur|http://dbpedia.org/resource/Anantapur|City
144|Cooch_Behar|http://dbpedia.org/resource/Cooch_Behar|City
145|Hubli|http://dbpedia.org/resource/Hubli|City
146|Hamirpur|http://dbpedia.org/resource/Hamirpur|City
147|Kanpur|http://dbpedia.org/resource/Kanpur|City
148|Tiruchirappalli|http://dbpedia.org/resource/Tiruchirappalli|City
149|Ujjain|http://dbpedia.org/resource/Ujjain|City
150|Visakhapatnam|http://dbpedia.org/resource/Visakhapatnam|City
151|Gandhinagar|http://dbpedia.org/resource/Gandhinagar|City
152|Kannur|http://dbpedia.org/resource/Kannur|City
153|Agra|http://dbpedia.org/resource/Agra|City
154|Loni|http://dbpedia.org/resource/Loni|City
155|Jind|http://dbpedia.org/resource/Jind|City
156|Durgapur|http://dbpedia.org/resource/Durgapur|City
157|Sangrur|http://dbpedia.org/resource/Sangrur|City
158|Raichur|http://dbpedia.org/resource/Raichur|City
159|Bardhaman|http://dbpedia.org/resource/Bardhaman|City
160|Moga|http://dbpedia.org/resource/Moga|City
161|Amritsar|http://dbpedia.org/resource/Amritsar|City
162|Srikakulam|http://dbpedia.org/resource/Srikakulam|City
163|Anantapur_district|http://dbpedia.org/resource/Anantapur_district|City
164|Kolkata|http://dbpedia.org/resource/Kolkata|City
165|Orissa|http://dbpedia.org/resource/Orissa|City
166|Kalady|http://dbpedia.org/resource/Kalady|City
167|Coimbatore|http://dbpedia.org/resource/Coimbatore|City
168|Gurgaon|http://dbpedia.org/resource/Gurgaon|City
169|Purulia|http://dbpedia.org/resource/Purulia|City
170|Kodambakkam|http://dbpedia.org/resource/Kodambakkam|City
171|Jodhpur|http://dbpedia.org/resource/Jodhpur|City
172|Mahishadal|http://dbpedia.org/resource/Mahishadal|City
173|Kurukshetra|http://dbpedia.org/resource/Kurukshetra|City
174|Meerut|http://dbpedia.org/resource/Meerut|City
175|Faizabad|http://dbpedia.org/resource/Faizabad|City
176|Bangalore|http://dbpedia.org/resource/Bangalore|City
177|Kota|http://dbpedia.org/resource/Kota|City
178|Lucknow|http://dbpedia.org/resource/Lucknow|City
179|Kalimpong|http://dbpedia.org/resource/Kalimpong|City
180|Cuttack|http://dbpedia.org/resource/Cuttack|City
181|Alappuzha|http://dbpedia.org/resource/Alappuzha|City
182|Davangere|http://dbpedia.org/resource/Davangere|City
183|Siliguri|http://dbpedia.org/resource/Siliguri|City
184|Bidar|http://dbpedia.org/resource/Bidar|City
185|Puttur|http://dbpedia.org/resource/Puttur|City
186|Maharashtra|http://dbpedia.org/resource/Maharashtra|City
187|Kolhapur|http://dbpedia.org/resource/Kolhapur|City
188|Habra|http://dbpedia.org/resource/Habra|City
189|Bihar|http://dbpedia.org/resource/Bihar|City
190|Hyderabad|http://dbpedia.org/resource/Hyderabad|City
191|Kadapa|http://dbpedia.org/resource/Kadapa|City
192|Bhilai|http://dbpedia.org/resource/Bhilai|City
193|Tirunelveli|http://dbpedia.org/resource/Tirunelveli|City
194|Moradabad|http://dbpedia.org/resource/Moradabad|City
195|Tiruvallur_district|http://dbpedia.org/resource/Tiruvallur_district|City
196|Nashik|http://dbpedia.org/resource/Nashik|City
197|Anand|http://dbpedia.org/resource/Anand|City
198|Sion|http://dbpedia.org/resource/Sion|City
199|Aizawl|http://dbpedia.org/resource/Aizawl|City
200|Jhansi|http://dbpedia.org/resource/Jhansi|City
201|Serampore|http://dbpedia.org/resource/Serampore|City
202|Asansol|http://dbpedia.org/resource/Asansol|City
203|Varanasi|http://dbpedia.org/resource/Varanasi|City
204|Navi_Mumbai|http://dbpedia.org/resource/Navi_Mumbai|City
205|Vadodara|http://dbpedia.org/resource/Vadodara|City
206|Patna|http://dbpedia.org/resource/Patna|City
207|Jajapur|http://dbpedia.org/resource/Jajapur|City
208|Bareilly|http://dbpedia.org/resource/Bareilly|City
209|Tamil_Nadu|http://dbpedia.org/resource/Tamil_Nadu|City
210|Ranchi|http://dbpedia.org/resource/Ranchi|City
211|Gulbarga|http://dbpedia.org/resource/Gulbarga|City
212|Erode|http://dbpedia.org/resource/Erode|City
213|Arambag|http://dbpedia.org/resource/Arambag|City
214|Howrah|http://dbpedia.org/resource/Howrah|City
215|Jaipur|http://dbpedia.org/resource/Jaipur|City
216|Kasaragod|http://dbpedia.org/resource/Kasaragod|City
217|Vallabh_Vidhyanagar|http://dbpedia.org/resource/Vallabh_Vidhyanagar|City
218|Suri|http://dbpedia.org/resource/Suri|City
219|Assam|http://dbpedia.org/resource/Assam|City
220|Greater_Noida|http://dbpedia.org/resource/Greater_Noida|City
221|Jorhat|http://dbpedia.org/resource/Jorhat|City
222|Allahabad|http://dbpedia.org/resource/Allahabad|City
223|Rajasthan|http://dbpedia.org/resource/Rajasthan|City
224|Aurangabad|http://dbpedia.org/resource/Aurangabad|City
225|Hisar|http://dbpedia.org/resource/Hisar|City
226|Haldwani|http://dbpedia.org/resource/Haldwani|City
227|Dum_Dum|http://dbpedia.org/resource/Dum_Dum|City
228|Vijayawada|http://dbpedia.org/resource/Vijayawada|City
229|Solapur|http://dbpedia.org/resource/Solapur|City
230|Malappuram|http://dbpedia.org/resource/Malappuram|City
231|Thanjavur|http://dbpedia.org/resource/Thanjavur|City
232|Dharwad|http://dbpedia.org/resource/Dharwad|City
233|Nalgonda|http://dbpedia.org/resource/Nalgonda|City
234|English_Bazar|http://dbpedia.org/resource/English_Bazar|City
235|Bankura|http://dbpedia.org/resource/Bankura|City
236|Belgaum|http://dbpedia.org/resource/Belgaum|City
237|Namakkal|http://dbpedia.org/resource/Namakkal|City
238|Balasore|http://dbpedia.org/resource/Balasore|City
239|Palayamkottai|http://dbpedia.org/resource/Palayamkottai|City
240|Chetpet|http://dbpedia.org/resource/Chetpet|City
241|Mangalore|http://dbpedia.org/resource/Mangalore|City
242|Nellore|http://dbpedia.org/resource/Nellore|City
243|Patiala|http://dbpedia.org/resource/Patiala|City
244|Madurai|http://dbpedia.org/resource/Madurai|City
245|Karaikudi|http://dbpedia.org/resource/Karaikudi|City
246|Karnataka|http://dbpedia.org/resource/Karnataka|City
247|Bahadurgarh|http://dbpedia.org/resource/Bahadurgarh|City
248|Silchar|http://dbpedia.org/resource/Silchar|City
249|Kandivali|http://dbpedia.org/resource/Kandivali|City
250|Ghaziabad|http://dbpedia.org/resource/Ghaziabad|City
251|Rajahmundry|http://dbpedia.org/resource/Rajahmundry|City
252|Dehradun|http://dbpedia.org/resource/Dehradun|City
253|Kozhikode|http://dbpedia.org/resource/Kozhikode|City
254|Salem|http://dbpedia.org/resource/Salem|City
255|Barasat|http://dbpedia.org/resource/Barasat|City
256|Guwahati|http://dbpedia.org/resource/Guwahati|City
257|Shimoga|http://dbpedia.org/resource/Shimoga|City
258|Kollam|http://dbpedia.org/resource/Kollam|City
259|Krishnanagar|http://dbpedia.org/resource/Krishnanagar|City
260|Ernakulam|http://dbpedia.org/resource/Ernakulam|City
261|Mumbai|http://dbpedia.org/resource/Mumbai|City
262|Talcher|http://dbpedia.org/resource/Talcher|City
263|Warangal|http://dbpedia.org/resource/Warangal|City
264|Goa|http://dbpedia.org/resource/Goa|City
265|Ajmer|http://dbpedia.org/resource/Ajmer|City
266|Raipur|http://dbpedia.org/resource/Raipur|City
267|Kerala|http://dbpedia.org/resource/Kerala|City
268|Jalpaiguri|http://dbpedia.org/resource/Jalpaiguri|City
269|Brahmavar|http://dbpedia.org/resource/Brahmavar|City
270|Manipal|http://dbpedia.org/resource/Manipal|City
271|Udaipur|http://dbpedia.org/resource/Udaipur|City
272|Tiruvallur|http://dbpedia.org/resource/Tiruvallur|City
273|Dhenkanal|http://dbpedia.org/resource/Dhenkanal|City
274|Thrissur|http://dbpedia.org/resource/Thrissur|City
275|Bandra|http://dbpedia.org/resource/Bandra|City
276|Chandigarh|http://dbpedia.org/resource/Chandigarh|City
277|Munsirhat|http://dbpedia.org/resource/Munsirhat|City
278|Tirupati|http://dbpedia.org/resource/Tirupati|City
279|Midnapore|http://dbpedia.org/resource/Midnapore|City
280|Poonamallee|http://dbpedia.org/resource/Poonamallee|City
281|Nalanda|http://dbpedia.org/resource/Nalanda|City
282|Jabalpur|http://dbpedia.org/resource/Jabalpur|City
283|Faridabad|http://dbpedia.org/resource/Faridabad|City
284|Rupnagar|http://dbpedia.org/resource/Rupnagar|City
285|Guntur|http://dbpedia.org/resource/Guntur|City
286|Kottayam|http://dbpedia.org/resource/Kottayam|City
287|Bhubaneswar|http://dbpedia.org/resource/Bhubaneswar|City
288|Fatehgarh_Sahib|http://dbpedia.org/resource/Fatehgarh_Sahib|City
289|Barrackpore|http://dbpedia.org/resource/Barrackpore|City
290|Gaya|http://dbpedia.org/resource/Gaya|City
291|Kashipur|http://dbpedia.org/resource/Kashipur|City
292|Gangtok|http://dbpedia.org/resource/Gangtok|City
293|Nerul|http://dbpedia.org/resource/Nerul|City
294|Bilaspur|http://dbpedia.org/resource/Bilaspur|City
295|Thiruchendur|http://dbpedia.org/resource/Thiruchendur|City
296|Gwalior|http://dbpedia.org/resource/Gwalior|City
297|Gujarat|http://dbpedia.org/resource/Gujarat|City
298|Indore|http://dbpedia.org/resource/Indore|City
299|Palakkad|http://dbpedia.org/resource/Palakkad|City
300|New_Delhi|http://dbpedia.org/resource/New_Delhi|City
301|Secunderabad|http://dbpedia.org/resource/Secunderabad|City
302|Durg|http://dbpedia.org/resource/Durg|City
303|Raniganj|http://dbpedia.org/resource/Raniganj|City
304|Thiruvananthapuram|http://dbpedia.org/resource/Thiruvananthapuram|City
305|Jamshedpur|http://dbpedia.org/resource/Jamshedpur|City
306|Bhagalpur|http://dbpedia.org/resource/Bhagalpur|City
307|Aligarh|http://dbpedia.org/resource/Aligarh|City
308|Sambalpur|http://dbpedia.org/resource/Sambalpur|City
309|Latur|http://dbpedia.org/resource/Latur|City
310|Zhengzhou|http://dbpedia.org/resource/Zhengzhou|City
311|Chishui|http://dbpedia.org/resource/Chishui|City
312|Donggang|http://dbpedia.org/resource/Donggang|City
313|Dandong|http://dbpedia.org/resource/Dandong|City
314|Chaohu|http://dbpedia.org/resource/Chaohu|City
315|Changji|http://dbpedia.org/resource/Changji|City
316|Bayannur|http://dbpedia.org/resource/Bayannur|City
317|Zhangzhou|http://dbpedia.org/resource/Zhangzhou|City
318|Huanggang|http://dbpedia.org/resource/Huanggang|City
319|Genhe|http://dbpedia.org/resource/Genhe|City
320|Baicheng|http://dbpedia.org/resource/Baicheng|City
321|Shenzhen|http://dbpedia.org/resource/Shenzhen|City
322|Deyang|http://dbpedia.org/resource/Deyang|City
323|Baiyin|http://dbpedia.org/resource/Baiyin|City
324|Bole|http://dbpedia.org/resource/Bole|City
325|Xi'an|http://dbpedia.org/resource/Xi'an|City
326|Ezhou|http://dbpedia.org/resource/Ezhou|City
327|Baoshan|http://dbpedia.org/resource/Baoshan|City
328|Baotou|http://dbpedia.org/resource/Baotou|City
329|Danyang|http://dbpedia.org/resource/Danyang|City
330|Changzhi|http://dbpedia.org/resource/Changzhi|City
331|Yueyang|http://dbpedia.org/resource/Yueyang|City
332|Diaobingshan|http://dbpedia.org/resource/Diaobingshan|City
333|Fuyang|http://dbpedia.org/resource/Fuyang|City
334|Dingxi|http://dbpedia.org/resource/Dingxi|City
335|Dunhuang|http://dbpedia.org/resource/Dunhuang|City
336|Nanning|http://dbpedia.org/resource/Nanning|City
337|Altay|http://dbpedia.org/resource/Altay|City
338|Fuqing|http://dbpedia.org/resource/Fuqing|City
339|Bei'an|http://dbpedia.org/resource/Bei'an|City
340|Anguo|http://dbpedia.org/resource/Anguo|City
341|Beihai|http://dbpedia.org/resource/Beihai|City
342|Daye|http://dbpedia.org/resource/Daye|City
343|Xinzheng|http://dbpedia.org/resource/Xinzheng|City
344|Harbin|http://dbpedia.org/resource/Harbin|City
345|Anshan|http://dbpedia.org/resource/Anshan|City
346|Duyun|http://dbpedia.org/resource/Duyun|City
347|Dongtai|http://dbpedia.org/resource/Dongtai|City
348|Xinxiang|http://dbpedia.org/resource/Xinxiang|City
349|Macau|http://dbpedia.org/resource/Macau|City
350|Da'an|http://dbpedia.org/resource/Da'an|City
351|Shenyang|http://dbpedia.org/resource/Shenyang|City
352|Dengta|http://dbpedia.org/resource/Dengta|City
353|Bijie|http://dbpedia.org/resource/Bijie|City
354|Aral|http://dbpedia.org/resource/Aral|City
355|Fujin|http://dbpedia.org/resource/Fujin|City
356|Chuzhou|http://dbpedia.org/resource/Chuzhou|City
357|Cenxi|http://dbpedia.org/resource/Cenxi|City
358|Songjiang_District|http://dbpedia.org/resource/Songjiang_District|City
359|Benxi|http://dbpedia.org/resource/Benxi|City
360|Datong|http://dbpedia.org/resource/Datong|City
361|Changde|http://dbpedia.org/resource/Changde|City
362|Bazhong|http://dbpedia.org/resource/Bazhong|City
363|Guilin|http://dbpedia.org/resource/Guilin|City
364|Mbabane|http://dbpedia.org/resource/Mbabane|City
365|Gaocheng|http://dbpedia.org/resource/Gaocheng|City
366|Anshun|http://dbpedia.org/resource/Anshun|City
367|Baise|http://dbpedia.org/resource/Baise|City
368|Dujiangyan|http://dbpedia.org/resource/Dujiangyan|City
369|Fangchenggang|http://dbpedia.org/resource/Fangchenggang|City
370|Erenhot|http://dbpedia.org/resource/Erenhot|City
371|Baoding|http://dbpedia.org/resource/Baoding|City
372|Ergun|http://dbpedia.org/resource/Ergun|City
373|Dunhua|http://dbpedia.org/resource/Dunhua|City
374|Gaoping|http://dbpedia.org/resource/Gaoping|City
375|Guangzhou|http://dbpedia.org/resource/Guangzhou|City
376|Hefei|http://dbpedia.org/resource/Hefei|City
377|Changle|http://dbpedia.org/resource/Changle|City
378|Luoyang|http://dbpedia.org/resource/Luoyang|City
379|Beipiao|http://dbpedia.org/resource/Beipiao|City
380|Dezhou|http://dbpedia.org/resource/Dezhou|City
381|Chongzuo|http://dbpedia.org/resource/Chongzuo|City
382|Baoji|http://dbpedia.org/resource/Baoji|City
383|Chenzhou|http://dbpedia.org/resource/Chenzhou|City
384|Pudong|http://dbpedia.org/resource/Pudong|City
385|Shijiazhuang|http://dbpedia.org/resource/Shijiazhuang|City
386|Hangzhou|http://dbpedia.org/resource/Hangzhou|City
387|Fuzhou|http://dbpedia.org/resource/Fuzhou|City
388|Changzhou|http://dbpedia.org/resource/Changzhou|City
389|Taiyuan|http://dbpedia.org/resource/Taiyuan|City
390|Foshan|http://dbpedia.org/resource/Foshan|City
391|Ankang|http://dbpedia.org/resource/Ankang|City
392|Gejiu|http://dbpedia.org/resource/Gejiu|City
393|Dongyang|http://dbpedia.org/resource/Dongyang|City
394|Anning|http://dbpedia.org/resource/Anning|City
395|Dexing|http://dbpedia.org/resource/Dexing|City
396|Zhuhai|http://dbpedia.org/resource/Zhuhai|City
397|Gaomi|http://dbpedia.org/resource/Gaomi|City
398|Ürümqi|http://dbpedia.org/resource/Ürümqi|City
399|Beiliu|http://dbpedia.org/resource/Beiliu|City
400|Fuquan|http://dbpedia.org/resource/Fuquan|City
401|Chaozhou|http://dbpedia.org/resource/Chaozhou|City
402|Conghua|http://dbpedia.org/resource/Conghua|City
403|Dangyang|http://dbpedia.org/resource/Dangyang|City
404|Fukang|http://dbpedia.org/resource/Fukang|City
405|Chaoyang|http://dbpedia.org/resource/Chaoyang|City
406|Fuxin|http://dbpedia.org/resource/Fuxin|City
407|Changyi|http://dbpedia.org/resource/Changyi|City
408|Chongzhou|http://dbpedia.org/resource/Chongzhou|City
409|Enping|http://dbpedia.org/resource/Enping|City
410|Dehui|http://dbpedia.org/resource/Dehui|City
411|Quanzhou|http://dbpedia.org/resource/Quanzhou|City
412|Emeishan|http://dbpedia.org/resource/Emeishan|City
413|Anqiu|http://dbpedia.org/resource/Anqiu|City
414|Beitun|http://dbpedia.org/resource/Beitun|City
415|Changning|http://dbpedia.org/resource/Changning|City
416|Gaizhou|http://dbpedia.org/resource/Gaizhou|City
417|Dongguan|http://dbpedia.org/resource/Dongguan|City
418|Lanzhou|http://dbpedia.org/resource/Lanzhou|City
419|Beibei_District|http://dbpedia.org/resource/Beibei_District|City
420|Shantou|http://dbpedia.org/resource/Shantou|City
421|Dazhou|http://dbpedia.org/resource/Dazhou|City
422|Feicheng|http://dbpedia.org/resource/Feicheng|City
423|Yantai|http://dbpedia.org/resource/Yantai|City
424|Gaoyao|http://dbpedia.org/resource/Gaoyao|City
425|Dali|http://dbpedia.org/resource/Dali|City
426|Kunming|http://dbpedia.org/resource/Kunming|City
427|Fu'an|http://dbpedia.org/resource/Fu'an|City
428|Brooklyn|http://dbpedia.org/resource/Brooklyn|City
429|Botou|http://dbpedia.org/resource/Botou|City
430|Danzhou|http://dbpedia.org/resource/Danzhou|City
431|Bozhou|http://dbpedia.org/resource/Bozhou|City
432|Danjiangkou|http://dbpedia.org/resource/Danjiangkou|City
433|Nanchang|http://dbpedia.org/resource/Nanchang|City
434|Baishan|http://dbpedia.org/resource/Baishan|City
435|Gaozhou|http://dbpedia.org/resource/Gaozhou|City
436|Anda|http://dbpedia.org/resource/Anda|City
437|Arxan|http://dbpedia.org/resource/Arxan|City
438|Changge|http://dbpedia.org/resource/Changge|City
439|Changshu|http://dbpedia.org/resource/Changshu|City
440|Nan'an_District|http://dbpedia.org/resource/Nan'an_District|City
441|Nanchong|http://dbpedia.org/resource/Nanchong|City
442|Putian|http://dbpedia.org/resource/Putian|City
443|Dafeng|http://dbpedia.org/resource/Dafeng|City
444|Dongfang|http://dbpedia.org/resource/Dongfang|City
445|Chizhou|http://dbpedia.org/resource/Chizhou|City
446|Beijing|http://dbpedia.org/resource/Beijing|City
447|Haidian_District|http://dbpedia.org/resource/Haidian_District|City
448|Cixi|http://dbpedia.org/resource/Cixi|City
449|Xiangtan|http://dbpedia.org/resource/Xiangtan|City
450|Dongying|http://dbpedia.org/resource/Dongying|City
451|Fenyang|http://dbpedia.org/resource/Fenyang|City
452|Hengyang|http://dbpedia.org/resource/Hengyang|City
453|Anlu|http://dbpedia.org/resource/Anlu|City
454|Shihezi|http://dbpedia.org/resource/Shihezi|City
455|Golmud|http://dbpedia.org/resource/Golmud|City
456|Fuyu|http://dbpedia.org/resource/Fuyu|City
457|Gaobeidian|http://dbpedia.org/resource/Gaobeidian|City
458|Tianjin|http://dbpedia.org/resource/Tianjin|City
459|Shanghai|http://dbpedia.org/resource/Shanghai|City
460|Beizhen|http://dbpedia.org/resource/Beizhen|City
461|Cangzhou|http://dbpedia.org/resource/Cangzhou|City
462|Fuzhou,|http://dbpedia.org/resource/Fuzhou,|City
463|Fengcheng,|http://dbpedia.org/resource/Fengcheng,|City
464|Chibi|http://dbpedia.org/resource/Chibi|City
465|Fengzhen|http://dbpedia.org/resource/Fengzhen|City
466|Chuxiong|http://dbpedia.org/resource/Chuxiong|City
467|Qiqihar|http://dbpedia.org/resource/Qiqihar|City
468|Alashankou|http://dbpedia.org/resource/Alashankou|City
469|Huainan|http://dbpedia.org/resource/Huainan|City
470|Ma'anshan|http://dbpedia.org/resource/Ma'anshan|City
471|Changchun|http://dbpedia.org/resource/Changchun|City
472|Wuhan|http://dbpedia.org/resource/Wuhan|City
473|Gaoyou|http://dbpedia.org/resource/Gaoyou|City
474|Yinchuan|http://dbpedia.org/resource/Yinchuan|City
475|Fushun|http://dbpedia.org/resource/Fushun|City
476|Dongxing|http://dbpedia.org/resource/Dongxing|City
477|Chifeng|http://dbpedia.org/resource/Chifeng|City
478|Qingdao|http://dbpedia.org/resource/Qingdao|City
479|Chongqing|http://dbpedia.org/resource/Chongqing|City
480|Fuding|http://dbpedia.org/resource/Fuding|City
481|Dengzhou|http://dbpedia.org/resource/Dengzhou|City
482|Gongyi|http://dbpedia.org/resource/Gongyi|City
483|Dengfeng|http://dbpedia.org/resource/Dengfeng|City
484|Daqing|http://dbpedia.org/resource/Daqing|City
485|Changsha|http://dbpedia.org/resource/Changsha|City
486|Anqing|http://dbpedia.org/resource/Anqing|City
487|Bazhou|http://dbpedia.org/resource/Bazhou|City
488|Dingzhou|http://dbpedia.org/resource/Dingzhou|City
489|Suzhou|http://dbpedia.org/resource/Suzhou|City
490|Fuling_District|http://dbpedia.org/resource/Fuling_District|City
491|Anyang|http://dbpedia.org/resource/Anyang|City
492|Dalian|http://dbpedia.org/resource/Dalian|City
493|Enshi|http://dbpedia.org/resource/Enshi|City
494|Chengdu|http://dbpedia.org/resource/Chengdu|City
495|Binzhou|http://dbpedia.org/resource/Binzhou|City
496|Fuyang,|http://dbpedia.org/resource/Fuyang,|City
497|Jinan|http://dbpedia.org/resource/Jinan|City
498|Nanjing|http://dbpedia.org/resource/Nanjing|City
499|Bengbu|http://dbpedia.org/resource/Bengbu|City
500|Ganzhou|http://dbpedia.org/resource/Ganzhou|City
501|Chengde|http://dbpedia.org/resource/Chengde|City
502|Kowloon|http://dbpedia.org/resource/Kowloon|City
503|Fenghua|http://dbpedia.org/resource/Fenghua|City
504|Gao'an|http://dbpedia.org/resource/Gao'an|City
505|Artux|http://dbpedia.org/resource/Artux|City
506|Dashiqiao|http://dbpedia.org/resource/Dashiqiao|City
507|Shanxi|http://dbpedia.org/resource/Shanxi|City
508|Luanda|http://dbpedia.org/resource/Luanda|City
509|Vienna|http://dbpedia.org/resource/Vienna|City
510|Baku|http://dbpedia.org/resource/Baku|City
511|Carmen_Pampa|http://dbpedia.org/resource/Carmen_Pampa|City
512|Sarajevo|http://dbpedia.org/resource/Sarajevo|City
513|Sofia|http://dbpedia.org/resource/Sofia|City
514|ChadCity|http://dbpedia.org/resource/ChadCity|City
515|Zagreb|http://dbpedia.org/resource/Zagreb|City
516|Copenhagen|http://dbpedia.org/resource/Copenhagen|City
517|Santo_Domingo|http://dbpedia.org/resource/Santo_Domingo|City
518|San_Salvador|http://dbpedia.org/resource/San_Salvador|City
519|Tallinn|http://dbpedia.org/resource/Tallinn|City
520|Helsinki|http://dbpedia.org/resource/Helsinki|City
521|Tegucigalpa|http://dbpedia.org/resource/Tegucigalpa|City
522|Ma_Liu_Shui|http://dbpedia.org/resource/Ma_Liu_Shui|City
523|Jerusalem|http://dbpedia.org/resource/Jerusalem|City
524|Amman|http://dbpedia.org/resource/Amman|City
525|Vientiane|http://dbpedia.org/resource/Vientiane|City
526|Riga|http://dbpedia.org/resource/Riga|City
527|Monrovia|http://dbpedia.org/resource/Monrovia|City
528|Benghazi|http://dbpedia.org/resource/Benghazi|City
529|Vilnius|http://dbpedia.org/resource/Vilnius|City
530|San_Gwann|http://dbpedia.org/resource/San_Gwann|City
531|Nouakchott|http://dbpedia.org/resource/Nouakchott|City
532|Moka|http://dbpedia.org/resource/Moka|City
533|Ulan_Bator|http://dbpedia.org/resource/Ulan_Bator|City
534|Windhoek|http://dbpedia.org/resource/Windhoek|City
535|Auckland|http://dbpedia.org/resource/Auckland|City
536|Managua|http://dbpedia.org/resource/Managua|City
537|Belfast|http://dbpedia.org/resource/Belfast|City
538|Oslo|http://dbpedia.org/resource/Oslo|City
539|Muscat|http://dbpedia.org/resource/Muscat|City
540|Panama_City|http://dbpedia.org/resource/Panama_City|City
541|Port_Moresby|http://dbpedia.org/resource/Port_Moresby|City
542|Ponce|http://dbpedia.org/resource/Ponce|City
543|Dublin|http://dbpedia.org/resource/Dublin|City
544|Skopje|http://dbpedia.org/resource/Skopje|City
545|Butare|http://dbpedia.org/resource/Butare|City
546|Glasgow|http://dbpedia.org/resource/Glasgow|City
547|SingaporeCity|http://dbpedia.org/resource/SingaporeCity|City
548|Bratislava|http://dbpedia.org/resource/Bratislava|City
549|Ljubljana|http://dbpedia.org/resource/Ljubljana|City
550|Kwaluseni|http://dbpedia.org/resource/Kwaluseni|City
551|Geneva|http://dbpedia.org/resource/Geneva|City
552|Dushanbe|http://dbpedia.org/resource/Dushanbe|City
553|Montevideo|http://dbpedia.org/resource/Montevideo|City
554|Swansea|http://dbpedia.org/resource/Swansea|City
555|Guanhães|http://dbpedia.org/resource/Guanhães|City
556|Santos|http://dbpedia.org/resource/Santos|City
557|São_Luís|http://dbpedia.org/resource/São_Luís|City
558|Novo_Hamburgo|http://dbpedia.org/resource/Novo_Hamburgo|City
559|Rio_de_Janeiro|http://dbpedia.org/resource/Rio_de_Janeiro|City
560|Petrópolis|http://dbpedia.org/resource/Petrópolis|City
561|Passos|http://dbpedia.org/resource/Passos|City
562|Curitiba|http://dbpedia.org/resource/Curitiba|City
563|Poços_de_Caldas|http://dbpedia.org/resource/Poços_de_Caldas|City
564|Santa_Maria|http://dbpedia.org/resource/Santa_Maria|City
565|Goiânia|http://dbpedia.org/resource/Goiânia|City
566|Londrina|http://dbpedia.org/resource/Londrina|City
567|Diamantina|http://dbpedia.org/resource/Diamantina|City
568|Feira_de_Santana|http://dbpedia.org/resource/Feira_de_Santana|City
569|João_Monlevade|http://dbpedia.org/resource/João_Monlevade|City
570|Barbacena|http://dbpedia.org/resource/Barbacena|City
571|Manaus|http://dbpedia.org/resource/Manaus|City
572|Campinas|http://dbpedia.org/resource/Campinas|City
573|São_Carlos|http://dbpedia.org/resource/São_Carlos|City
574|Carangola|http://dbpedia.org/resource/Carangola|City
575|Bagé|http://dbpedia.org/resource/Bagé|City
576|Lorena|http://dbpedia.org/resource/Lorena|City
577|Campos_dos_Goytacazes|http://dbpedia.org/resource/Campos_dos_Goytacazes|City
578|Salvador|http://dbpedia.org/resource/Salvador|City
579|Ribeirão_Preto|http://dbpedia.org/resource/Ribeirão_Preto|City
580|Lavras|http://dbpedia.org/resource/Lavras|City
581|Criciúma|http://dbpedia.org/resource/Criciúma|City
582|São_Paulo|http://dbpedia.org/resource/São_Paulo|City
583|Recife|http://dbpedia.org/resource/Recife|City
584|Porto_Alegre|http://dbpedia.org/resource/Porto_Alegre|City
585|Uberlândia|http://dbpedia.org/resource/Uberlândia|City
586|Belo_Horizonte|http://dbpedia.org/resource/Belo_Horizonte|City
587|Serro|http://dbpedia.org/resource/Serro|City
588|Brasília|http://dbpedia.org/resource/Brasília|City
589|Itajubá|http://dbpedia.org/resource/Itajubá|City
590|Lagoa_da_Prata|http://dbpedia.org/resource/Lagoa_da_Prata|City
591|Campo_Grande|http://dbpedia.org/resource/Campo_Grande|City
592|Niterói|http://dbpedia.org/resource/Niterói|City
593|Pelotas|http://dbpedia.org/resource/Pelotas|City
594|Contagem|http://dbpedia.org/resource/Contagem|City
595|Wernigerode|http://dbpedia.org/resource/Wernigerode|City
596|Greifswald|http://dbpedia.org/resource/Greifswald|City
597|Darmstadt|http://dbpedia.org/resource/Darmstadt|City
598|Friedberg|http://dbpedia.org/resource/Friedberg|City
599|Wedel|http://dbpedia.org/resource/Wedel|City
600|Möckern|http://dbpedia.org/resource/Möckern|City
601|Ingolstadt|http://dbpedia.org/resource/Ingolstadt|City
602|Heidelberg|http://dbpedia.org/resource/Heidelberg|City
603|Speyer|http://dbpedia.org/resource/Speyer|City
604|Lörrach|http://dbpedia.org/resource/Lörrach|City
605|Ludwigsburg|http://dbpedia.org/resource/Ludwigsburg|City
606|Fulda|http://dbpedia.org/resource/Fulda|City
607|Augsburg|http://dbpedia.org/resource/Augsburg|City
608|Berlin|http://dbpedia.org/resource/Berlin|City
609|Munich|http://dbpedia.org/resource/Munich|City
610|Kempten|http://dbpedia.org/resource/Kempten|City
611|Koblenz|http://dbpedia.org/resource/Koblenz|City
612|Trier|http://dbpedia.org/resource/Trier|City
613|Othmarschen|http://dbpedia.org/resource/Othmarschen|City
614|Freiburg_im_Breisgau|http://dbpedia.org/resource/Freiburg_im_Breisgau|City
615|Hamburg|http://dbpedia.org/resource/Hamburg|City
616|Hanover|http://dbpedia.org/resource/Hanover|City
617|Nuremberg|http://dbpedia.org/resource/Nuremberg|City
618|Reutlingen|http://dbpedia.org/resource/Reutlingen|City
619|Ilmenau|http://dbpedia.org/resource/Ilmenau|City
620|Stuttgart|http://dbpedia.org/resource/Stuttgart|City
621|Aachen|http://dbpedia.org/resource/Aachen|City
622|Frankfurt|http://dbpedia.org/resource/Frankfurt|City
623|Flensburg|http://dbpedia.org/resource/Flensburg|City
624|Mannheim|http://dbpedia.org/resource/Mannheim|City
625|Mainz|http://dbpedia.org/resource/Mainz|City
626|Iserlohn|http://dbpedia.org/resource/Iserlohn|City
627|Leipzig|http://dbpedia.org/resource/Leipzig|City
628|Cologne|http://dbpedia.org/resource/Cologne|City
629|Heilbronn|http://dbpedia.org/resource/Heilbronn|City
630|Konstanz|http://dbpedia.org/resource/Konstanz|City
631|Wiesbaden|http://dbpedia.org/resource/Wiesbaden|City
632|Lübeck|http://dbpedia.org/resource/Lübeck|City
633|Kassel|http://dbpedia.org/resource/Kassel|City
634|Weimar|http://dbpedia.org/resource/Weimar|City
635|Gorontalo|http://dbpedia.org/resource/Gorontalo|City
636|West_Java|http://dbpedia.org/resource/West_Java|City
637|Surabaya|http://dbpedia.org/resource/Surabaya|City
638|Depok|http://dbpedia.org/resource/Depok|City
639|Bandar_Lampung|http://dbpedia.org/resource/Bandar_Lampung|City
640|Tangerang|http://dbpedia.org/resource/Tangerang|City
641|Surakarta|http://dbpedia.org/resource/Surakarta|City
642|Makassar|http://dbpedia.org/resource/Makassar|City
643|Yogyakarta|http://dbpedia.org/resource/Yogyakarta|City
644|Bangkalan|http://dbpedia.org/resource/Bangkalan|City
645|Ciputat|http://dbpedia.org/resource/Ciputat|City
646|Manokwari_Regency|http://dbpedia.org/resource/Manokwari_Regency|City
647|Purwokerto|http://dbpedia.org/resource/Purwokerto|City
648|Samarinda|http://dbpedia.org/resource/Samarinda|City
649|Serang|http://dbpedia.org/resource/Serang|City
650|Bali|http://dbpedia.org/resource/Bali|City
651|Padang|http://dbpedia.org/resource/Padang|City
652|Semarang|http://dbpedia.org/resource/Semarang|City
653|Manado|http://dbpedia.org/resource/Manado|City
654|Central_Jakarta|http://dbpedia.org/resource/Central_Jakarta|City
655|Medan|http://dbpedia.org/resource/Medan|City
656|Bengkulu|http://dbpedia.org/resource/Bengkulu|City
657|Manokwari|http://dbpedia.org/resource/Manokwari|City
658|Jakarta|http://dbpedia.org/resource/Jakarta|City
659|Tarakan|http://dbpedia.org/resource/Tarakan|City
660|Bandung|http://dbpedia.org/resource/Bandung|City
661|Banda_Aceh|http://dbpedia.org/resource/Banda_Aceh|City
662|Banjarmasin|http://dbpedia.org/resource/Banjarmasin|City
663|Jambi_City|http://dbpedia.org/resource/Jambi_City|City
664|Pontianak|http://dbpedia.org/resource/Pontianak|City
665|Mataram|http://dbpedia.org/resource/Mataram|City
666|Jimbaran|http://dbpedia.org/resource/Jimbaran|City
667|Ambon|http://dbpedia.org/resource/Ambon|City
668|Badung_Regency|http://dbpedia.org/resource/Badung_Regency|City
669|Kupang|http://dbpedia.org/resource/Kupang|City
670|Magelang|http://dbpedia.org/resource/Magelang|City
671|West_Papua|http://dbpedia.org/resource/West_Papua|City
672|South_Tangerang|http://dbpedia.org/resource/South_Tangerang|City
673|Tegal_Regency|http://dbpedia.org/resource/Tegal_Regency|City
674|Nagoya|http://dbpedia.org/resource/Nagoya|City
675|Yokosuka|http://dbpedia.org/resource/Yokosuka|City
676|Chiba|http://dbpedia.org/resource/Chiba|City
677|Chiyoda|http://dbpedia.org/resource/Chiyoda|City
678|Shibuya|http://dbpedia.org/resource/Shibuya|City
679|Nara|http://dbpedia.org/resource/Nara|City
680|Hachiōji|http://dbpedia.org/resource/Hachiōji|City
681|Sagamihara|http://dbpedia.org/resource/Sagamihara|City
682|Ichikawa|http://dbpedia.org/resource/Ichikawa|City
683|Kyoto|http://dbpedia.org/resource/Kyoto|City
684|Gifu|http://dbpedia.org/resource/Gifu|City
685|Toyoake|http://dbpedia.org/resource/Toyoake|City
686|Fujisawa|http://dbpedia.org/resource/Fujisawa|City
687|Okazaki|http://dbpedia.org/resource/Okazaki|City
688|Hirosaki|http://dbpedia.org/resource/Hirosaki|City
689|Nagakute|http://dbpedia.org/resource/Nagakute|City
690|Akita_City|http://dbpedia.org/resource/Akita_City|City
691|Nagasaki|http://dbpedia.org/resource/Nagasaki|City
692|Shimonoseki|http://dbpedia.org/resource/Shimonoseki|City
693|Aomori|http://dbpedia.org/resource/Aomori|City
694|Tokyo|http://dbpedia.org/resource/Tokyo|City
695|Toyohashi|http://dbpedia.org/resource/Toyohashi|City
696|Toyota|http://dbpedia.org/resource/Toyota|City
697|Owariasahi|http://dbpedia.org/resource/Owariasahi|City
698|Bunkyo|http://dbpedia.org/resource/Bunkyo|City
699|Hamamatsu|http://dbpedia.org/resource/Hamamatsu|City
700|Nisshin|http://dbpedia.org/resource/Nisshin|City
701|Niigata|http://dbpedia.org/resource/Niigata|City
702|Machida|http://dbpedia.org/resource/Machida|City
703|Osaka|http://dbpedia.org/resource/Osaka|City
704|Aichi_Prefecture|http://dbpedia.org/resource/Aichi_Prefecture|City
705|Sapporo|http://dbpedia.org/resource/Sapporo|City
706|Setagaya|http://dbpedia.org/resource/Setagaya|City
707|Hachinohe|http://dbpedia.org/resource/Hachinohe|City
708|Yokohama|http://dbpedia.org/resource/Yokohama|City
709|Atsugi|http://dbpedia.org/resource/Atsugi|City
710|Kobe|http://dbpedia.org/resource/Kobe|City
711|Kagoshima|http://dbpedia.org/resource/Kagoshima|City
712|Tokushima|http://dbpedia.org/resource/Tokushima|City
713|Chikusa-ku|http://dbpedia.org/resource/Chikusa-ku|City
714|Monterrey|http://dbpedia.org/resource/Monterrey|City
715|Mexicali|http://dbpedia.org/resource/Mexicali|City
716|Chihuahua|http://dbpedia.org/resource/Chihuahua|City
717|Zacapoaxtla|http://dbpedia.org/resource/Zacapoaxtla|City
718|Culiacán|http://dbpedia.org/resource/Culiacán|City
719|San_Nicolás_de_los_Garza|http://dbpedia.org/resource/San_Nicolás_de_los_Garza|City
720|Guadalajara|http://dbpedia.org/resource/Guadalajara|City
721|Villahermosa|http://dbpedia.org/resource/Villahermosa|City
722|Antón_Lizardo|http://dbpedia.org/resource/Antón_Lizardo|City
723|Ciudad_Obregón|http://dbpedia.org/resource/Ciudad_Obregón|City
724|Tlalpan|http://dbpedia.org/resource/Tlalpan|City
725|Saltillo|http://dbpedia.org/resource/Saltillo|City
726|San_Pedro_Garza_García|http://dbpedia.org/resource/San_Pedro_Garza_García|City
727|Montemorelos|http://dbpedia.org/resource/Montemorelos|City
728|Pedro_Escobedo|http://dbpedia.org/resource/Pedro_Escobedo|City
729|Ensenada|http://dbpedia.org/resource/Ensenada|City
730|Mexico_City|http://dbpedia.org/resource/Mexico_City|City
731|Querétaro|http://dbpedia.org/resource/Querétaro|City
732|Puebla|http://dbpedia.org/resource/Puebla|City
733|Toluca|http://dbpedia.org/resource/Toluca|City
734|Oaxaca|http://dbpedia.org/resource/Oaxaca|City
735|Jiquilpan|http://dbpedia.org/resource/Jiquilpan|City
736|Irapuato|http://dbpedia.org/resource/Irapuato|City
737|Tlatelolco|http://dbpedia.org/resource/Tlatelolco|City
738|Ixtlán_de_Juárez|http://dbpedia.org/resource/Ixtlán_de_Juárez|City
739|Altamira|http://dbpedia.org/resource/Altamira|City
740|Mérida|http://dbpedia.org/resource/Mérida|City
741|Tijuana|http://dbpedia.org/resource/Tijuana|City
742|Santa_Catarina|http://dbpedia.org/resource/Santa_Catarina|City
743|Colima|http://dbpedia.org/resource/Colima|City
744|Campeche|http://dbpedia.org/resource/Campeche|City
745|San_Luis_Potosí|http://dbpedia.org/resource/San_Luis_Potosí|City
746|Cancún|http://dbpedia.org/resource/Cancún|City
747|Coyoacán|http://dbpedia.org/resource/Coyoacán|City
748|Tepic|http://dbpedia.org/resource/Tepic|City
749|Hermosillo|http://dbpedia.org/resource/Hermosillo|City
750|Chapingo|http://dbpedia.org/resource/Chapingo|City
751|Morelia|http://dbpedia.org/resource/Morelia|City
752|Nuevo_Laredo|http://dbpedia.org/resource/Nuevo_Laredo|City
753|Sukkur|http://dbpedia.org/resource/Sukkur|City
754|Khuzdar|http://dbpedia.org/resource/Khuzdar|City
755|Larkana_District|http://dbpedia.org/resource/Larkana_District|City
756|Jhang|http://dbpedia.org/resource/Jhang|City
757|Nawabshah|http://dbpedia.org/resource/Nawabshah|City
758|Swat|http://dbpedia.org/resource/Swat|City
759|http://maps.google.com/maps?ll=25.530889,69.017306&spn=0.01,0.01&t=m&q=25.530889,69.017306|http://dbpedia.org/resource/http://maps.google.com/maps?ll=25.530889,69.017306&spn=0.01,0.01&t=m&q=25.530889,69.017306|City
760|Sialkot|http://dbpedia.org/resource/Sialkot|City
761|Ahmedpur_Sial|http://dbpedia.org/resource/Ahmedpur_Sial|City
762|Lahore|http://dbpedia.org/resource/Lahore|City
763|Kahuta|http://dbpedia.org/resource/Kahuta|City
764|Shorkot|http://dbpedia.org/resource/Shorkot|City
765|Mirpur|http://dbpedia.org/resource/Mirpur|City
766|Swabi|http://dbpedia.org/resource/Swabi|City
767|Taxila|http://dbpedia.org/resource/Taxila|City
768|Kharian|http://dbpedia.org/resource/Kharian|City
769|Quetta|http://dbpedia.org/resource/Quetta|City
770|Faisalabad|http://dbpedia.org/resource/Faisalabad|City
771|Topi|http://dbpedia.org/resource/Topi|City
772|Karachi|http://dbpedia.org/resource/Karachi|City
773|Tando_Jam|http://dbpedia.org/resource/Tando_Jam|City
774|Surat,India|http://dbpedia.org/resource/Surat,India|City
775|New_Muslim_Town|http://dbpedia.org/resource/New_Muslim_Town|City
776|Multan|http://dbpedia.org/resource/Multan|City
777|Islamabad|http://dbpedia.org/resource/Islamabad|City
778|Risalpur|http://dbpedia.org/resource/Risalpur|City
779|Islamabad/Rawalpindi,Lahore|http://dbpedia.org/resource/Islamabad/Rawalpindi,Lahore|City
780|Major_Cities|http://dbpedia.org/resource/Major_Cities|City
781|Bahria_Town|http://dbpedia.org/resource/Bahria_Town|City
782|Peshawar|http://dbpedia.org/resource/Peshawar|City
783|Dera_Ismail_Khan|http://dbpedia.org/resource/Dera_Ismail_Khan|City
784|Abbottabad|http://dbpedia.org/resource/Abbottabad|City
785|Jamshoro|http://dbpedia.org/resource/Jamshoro|City
786|Rawalpindi|http://dbpedia.org/resource/Rawalpindi|City
787|Wah_Cantonment|http://dbpedia.org/resource/Wah_Cantonment|City
788|Khyber_Pakhtunkhwa|http://dbpedia.org/resource/Khyber_Pakhtunkhwa|City
789|Sahiwal_Division|http://dbpedia.org/resource/Sahiwal_Division|City
790|Nilore|http://dbpedia.org/resource/Nilore|City
791|Rahim_Yar_Khan|http://dbpedia.org/resource/Rahim_Yar_Khan|City
792|Khairpur|http://dbpedia.org/resource/Khairpur|City
793|Iloilo_City|http://dbpedia.org/resource/Iloilo_City|City
794|Cabuyao|http://dbpedia.org/resource/Cabuyao|City
795|Kalibo|http://dbpedia.org/resource/Kalibo|City
796|Davao_City|http://dbpedia.org/resource/Davao_City|City
797|Iligan|http://dbpedia.org/resource/Iligan|City
798|Mandaluyong|http://dbpedia.org/resource/Mandaluyong|City
799|Tuguegarao|http://dbpedia.org/resource/Tuguegarao|City
800|Manila|http://dbpedia.org/resource/Manila|City
801|Cebu_City|http://dbpedia.org/resource/Cebu_City|City
802|Roxas|http://dbpedia.org/resource/Roxas|City
803|Pasay|http://dbpedia.org/resource/Pasay|City
804|Laoag|http://dbpedia.org/resource/Laoag|City
805|Legazpi|http://dbpedia.org/resource/Legazpi|City
806|Ermita|http://dbpedia.org/resource/Ermita|City
807|Dumaguete|http://dbpedia.org/resource/Dumaguete|City
808|Bacolod|http://dbpedia.org/resource/Bacolod|City
809|Los_Baños|http://dbpedia.org/resource/Los_Baños|City
810|Silang|http://dbpedia.org/resource/Silang|City
811|Taguig|http://dbpedia.org/resource/Taguig|City
812|Biñan|http://dbpedia.org/resource/Biñan|City
813|Lipa|http://dbpedia.org/resource/Lipa|City
814|Zamboanga_City|http://dbpedia.org/resource/Zamboanga_City|City
815|Intramuros|http://dbpedia.org/resource/Intramuros|City
816|Malate|http://dbpedia.org/resource/Malate|City
817|Dagupan|http://dbpedia.org/resource/Dagupan|City
818|Angeles|http://dbpedia.org/resource/Angeles|City
819|Makati|http://dbpedia.org/resource/Makati|City
820|Tacloban|http://dbpedia.org/resource/Tacloban|City
821|Cagayan_de_Oro|http://dbpedia.org/resource/Cagayan_de_Oro|City
822|Cavite_City|http://dbpedia.org/resource/Cavite_City|City
823|Quezon_City|http://dbpedia.org/resource/Quezon_City|City
824|Sampaloc|http://dbpedia.org/resource/Sampaloc|City
825|Bislig|http://dbpedia.org/resource/Bislig|City
826|Tagbilaran|http://dbpedia.org/resource/Tagbilaran|City
827|Santa_Rosa|http://dbpedia.org/resource/Santa_Rosa|City
828|San_Miguel|http://dbpedia.org/resource/San_Miguel|City
829|Cabanatuan|http://dbpedia.org/resource/Cabanatuan|City
830|Malolos|http://dbpedia.org/resource/Malolos|City
831|Naga|http://dbpedia.org/resource/Naga|City
832|Tula|http://dbpedia.org/resource/Tula|City
833|Rostov|http://dbpedia.org/resource/Rostov|City
834|Vladivostok|http://dbpedia.org/resource/Vladivostok|City
835|Zhukovsky|http://dbpedia.org/resource/Zhukovsky|City
836|Yekaterinburg|http://dbpedia.org/resource/Yekaterinburg|City
837|Perm|http://dbpedia.org/resource/Perm|City
838|Yaroslavl|http://dbpedia.org/resource/Yaroslavl|City
839|Krasnodar|http://dbpedia.org/resource/Krasnodar|City
840|Biysk|http://dbpedia.org/resource/Biysk|City
841|Barnaul|http://dbpedia.org/resource/Barnaul|City
842|Kursk|http://dbpedia.org/resource/Kursk|City
843|Saransk|http://dbpedia.org/resource/Saransk|City
844|Saint_Petersburg|http://dbpedia.org/resource/Saint_Petersburg|City
845|Moscow|http://dbpedia.org/resource/Moscow|City
846|Kemerovo_Oblast|http://dbpedia.org/resource/Kemerovo_Oblast|City
847|Omsk|http://dbpedia.org/resource/Omsk|City
848|Bishkek|http://dbpedia.org/resource/Bishkek|City
849|Magnitogorsk|http://dbpedia.org/resource/Magnitogorsk|City
850|Murmansk|http://dbpedia.org/resource/Murmansk|City
851|Tomsk|http://dbpedia.org/resource/Tomsk|City
852|Monino|http://dbpedia.org/resource/Monino|City
853|Kazan|http://dbpedia.org/resource/Kazan|City
854|Ulyanovsk|http://dbpedia.org/resource/Ulyanovsk|City
855|Ivanovo_Oblast|http://dbpedia.org/resource/Ivanovo_Oblast|City
856|Vologda|http://dbpedia.org/resource/Vologda|City
857|Pereslavl-Zalessky|http://dbpedia.org/resource/Pereslavl-Zalessky|City
858|Krasnoyarsk|http://dbpedia.org/resource/Krasnoyarsk|City
859|Voronezh|http://dbpedia.org/resource/Voronezh|City
860|Ulan-Ude|http://dbpedia.org/resource/Ulan-Ude|City
861|Chita|http://dbpedia.org/resource/Chita|City
862|Skolkovo|http://dbpedia.org/resource/Skolkovo|City
863|Saratov|http://dbpedia.org/resource/Saratov|City
864|Izhevsk|http://dbpedia.org/resource/Izhevsk|City
865|Moscow_International_Business_Center|http://dbpedia.org/resource/Moscow_International_Business_Center|City
866|Belgorod|http://dbpedia.org/resource/Belgorod|City
867|Ufa|http://dbpedia.org/resource/Ufa|City
868|Volgograd|http://dbpedia.org/resource/Volgograd|City
869|Zaoksky|http://dbpedia.org/resource/Zaoksky|City
870|Gorno-Altaysk|http://dbpedia.org/resource/Gorno-Altaysk|City
871|Irkutsk|http://dbpedia.org/resource/Irkutsk|City
872|New_Haven|http://dbpedia.org/resource/New_Haven|City
873|Nashville|http://dbpedia.org/resource/Nashville|City
874|San_Francisco|http://dbpedia.org/resource/San_Francisco|City
875|Chicago|http://dbpedia.org/resource/Chicago|City
876|Lubbock|http://dbpedia.org/resource/Lubbock|City
877|New_York_City|http://dbpedia.org/resource/New_York_City|City
878|Gainesville|http://dbpedia.org/resource/Gainesville|City
879|Philadelphia|http://dbpedia.org/resource/Philadelphia|City
880|Richmond|http://dbpedia.org/resource/Richmond|City
881|New_York|http://dbpedia.org/resource/New_York|City
882|Columbus|http://dbpedia.org/resource/Columbus|City
883|Indianapolis|http://dbpedia.org/resource/Indianapolis|City
884|Columbia|http://dbpedia.org/resource/Columbia|City
885|Phoenix|http://dbpedia.org/resource/Phoenix|City
886|Notre_Damena|http://dbpedia.org/resource/Notre_Damena|City
887|Pittsburgh|http://dbpedia.org/resource/Pittsburgh|City
888|Los_Angeles|http://dbpedia.org/resource/Los_Angeles|City
889|Ann_Arbor|http://dbpedia.org/resource/Ann_Arbor|City
890|San_Diego|http://dbpedia.org/resource/San_Diego|City
891|Berkeley|http://dbpedia.org/resource/Berkeley|City
892|Atlanta|http://dbpedia.org/resource/Atlanta|City
893|Jacksonville|http://dbpedia.org/resource/Jacksonville|City
894|Orlando|http://dbpedia.org/resource/Orlando|City
895|San_Antonio|http://dbpedia.org/resource/San_Antonio|City
896|Milwaukee|http://dbpedia.org/resource/Milwaukee|City
897|Cincinnati|http://dbpedia.org/resource/Cincinnati|City
898|Fayetteville|http://dbpedia.org/resource/Fayetteville|City
899|Austin|http://dbpedia.org/resource/Austin|City
900|Baltimore|http://dbpedia.org/resource/Baltimore|City
901|Houston|http://dbpedia.org/resource/Houston|City
902|Cambridge|http://dbpedia.org/resource/Cambridge|City
903|Tallahassee|http://dbpedia.org/resource/Tallahassee|City
904|Boston|http://dbpedia.org/resource/Boston|City
905|Washington|http://dbpedia.org/resource/Washington|City
906|Minneapolis|http://dbpedia.org/resource/Minneapolis|City
907|New_Orleans|http://dbpedia.org/resource/New_Orleans|City
908|Cleveland|http://dbpedia.org/resource/Cleveland|City
909|St._Louis|http://dbpedia.org/resource/St._Louis|City
910|Portland|http://dbpedia.org/resource/Portland|City
911|Ithaca|http://dbpedia.org/resource/Ithaca|City
912|Tuyên_Quang|http://dbpedia.org/resource/Tuyên_Quang|City
913|Quảng_Ngãi|http://dbpedia.org/resource/Quảng_Ngãi|City
914|Quy_Nhơn|http://dbpedia.org/resource/Quy_Nhơn|City
915|Thái_Nguyên|http://dbpedia.org/resource/Thái_Nguyên|City
916|Hanoi|http://dbpedia.org/resource/Hanoi|City
917|Nha_Trang|http://dbpedia.org/resource/Nha_Trang|City
918|Đông_Hà|http://dbpedia.org/resource/Đông_Hà|City
919|Đồng_Hới|http://dbpedia.org/resource/Đồng_Hới|City
920|Bắc_Giang|http://dbpedia.org/resource/Bắc_Giang|City
921|Bến|http://dbpedia.org/resource/Bến|City
922|Da_Nang|http://dbpedia.org/resource/Da_Nang|City
923|Nghe_An_province|http://dbpedia.org/resource/Nghe_An_province|City
924|Long_Xuyen|http://dbpedia.org/resource/Long_Xuyen|City
925|Biên_Hòa|http://dbpedia.org/resource/Biên_Hòa|City
926|Thái_Bình|http://dbpedia.org/resource/Thái_Bình|City
927|Mỹ_Tho|http://dbpedia.org/resource/Mỹ_Tho|City
928|Sơn_La|http://dbpedia.org/resource/Sơn_La|City
929|Phan_Rang–Tháp_Chàm|http://dbpedia.org/resource/Phan_Rang–Tháp_Chàm|City
930|Móng_Cái|http://dbpedia.org/resource/Móng_Cái|City
931|Phan_Thiết|http://dbpedia.org/resource/Phan_Thiết|City
932|Thanh_Hóa|http://dbpedia.org/resource/Thanh_Hóa|City
933|Điện_Biên_Phủ|http://dbpedia.org/resource/Điện_Biên_Phủ|City
934|Trà_Vinh|http://dbpedia.org/resource/Trà_Vinh|City
935|Phủ_Lý|http://dbpedia.org/resource/Phủ_Lý|City
936|Tuy_Hòa|http://dbpedia.org/resource/Tuy_Hòa|City
937|Hung_Yen_province|http://dbpedia.org/resource/Hung_Yen_province|City
938|Tân_An|http://dbpedia.org/resource/Tân_An|City
939|Sóc_Trăng|http://dbpedia.org/resource/Sóc_Trăng|City
940|Cần_Thơ|http://dbpedia.org/resource/Cần_Thơ|City
941|Huế|http://dbpedia.org/resource/Huế|City
942|Tam_Kỳ|http://dbpedia.org/resource/Tam_Kỳ|City
943|Gia_lam|http://dbpedia.org/resource/Gia_lam|City
944|Rạch_Giá|http://dbpedia.org/resource/Rạch_Giá|City
945|Cua_Lo|http://dbpedia.org/resource/Cua_Lo|City
946|Bạc_Liêu|http://dbpedia.org/resource/Bạc_Liêu|City
947|Ho_Chi_Minh_City|http://dbpedia.org/resource/Ho_Chi_Minh_City|City
948|Bà_Rịa|http://dbpedia.org/resource/Bà_Rịa|City
949|Đà_Lạt|http://dbpedia.org/resource/Đà_Lạt|City
950|Pleiku|http://dbpedia.org/resource/Pleiku|City
951|Puli_Khumri|http://dbpedia.org/resource/Puli_Khumri|City
952|Lashkar_Gah|http://dbpedia.org/resource/Lashkar_Gah|City
953|Jalalabad|http://dbpedia.org/resource/Jalalabad|City
954|Asadabad|http://dbpedia.org/resource/Asadabad|City
955|Kabul|http://dbpedia.org/resource/Kabul|City
956|Kandahar|http://dbpedia.org/resource/Kandahar|City
957|Gardēz|http://dbpedia.org/resource/Gardēz|City
958|Herat|http://dbpedia.org/resource/Herat|City
959|Khost|http://dbpedia.org/resource/Khost|City
960|Algiers|http://dbpedia.org/resource/Algiers|City
961|Batna|http://dbpedia.org/resource/Batna|City
962|Tiaret|http://dbpedia.org/resource/Tiaret|City
963|El_Harrach|http://dbpedia.org/resource/El_Harrach|City
964|Guelma|http://dbpedia.org/resource/Guelma|City
965|Bab_Ezzouar|http://dbpedia.org/resource/Bab_Ezzouar|City
966|Chief|http://dbpedia.org/resource/Chief|City
967|Annaba|http://dbpedia.org/resource/Annaba|City
968|El_Oued|http://dbpedia.org/resource/El_Oued|City
969|Oran|http://dbpedia.org/resource/Oran|City
970|Córdoba|http://dbpedia.org/resource/Córdoba|City
971|Mendoza|http://dbpedia.org/resource/Mendoza|City
972|Buenos_Aires|http://dbpedia.org/resource/Buenos_Aires|City
973|Various|http://dbpedia.org/resource/Various|City
974|Posadas|http://dbpedia.org/resource/Posadas|City
975|San_Martín|http://dbpedia.org/resource/San_Martín|City
976|Corrientes|http://dbpedia.org/resource/Corrientes|City
977|Presidencia_Roque_Sáenz_Peña|http://dbpedia.org/resource/Presidencia_Roque_Sáenz_Peña|City
978|Rosario|http://dbpedia.org/resource/Rosario|City
979|San_Miguel_de_Tucumán|http://dbpedia.org/resource/San_Miguel_de_Tucumán|City
980|Geelong|http://dbpedia.org/resource/Geelong|City
981|Sydney|http://dbpedia.org/resource/Sydney|City
982|Canberra|http://dbpedia.org/resource/Canberra|City
983|Brisbane|http://dbpedia.org/resource/Brisbane|City
984|Melbourne|http://dbpedia.org/resource/Melbourne|City
985|Perth|http://dbpedia.org/resource/Perth|City
986|Darlington|http://dbpedia.org/resource/Darlington|City
987|Camperdown|http://dbpedia.org/resource/Camperdown|City
988|Parkville|http://dbpedia.org/resource/Parkville|City
989|Adelaide|http://dbpedia.org/resource/Adelaide|City
990|Vitebsk|http://dbpedia.org/resource/Vitebsk|City
991|Baranovichi|http://dbpedia.org/resource/Baranovichi|City
992|Bobruysk|http://dbpedia.org/resource/Bobruysk|City
993|Mogilev|http://dbpedia.org/resource/Mogilev|City
994|Gomel|http://dbpedia.org/resource/Gomel|City
995|Borisov|http://dbpedia.org/resource/Borisov|City
996|Minsk|http://dbpedia.org/resource/Minsk|City
997|Brest|http://dbpedia.org/resource/Brest|City
998|Grodno|http://dbpedia.org/resource/Grodno|City
999|Barysaw|http://dbpedia.org/resource/Barysaw|City
1000|Liège|http://dbpedia.org/resource/Liège|City
1001|Leuven|http://dbpedia.org/resource/Leuven|City
1002|Paris|http://dbpedia.org/resource/Paris|City
1003|Tonbridge|http://dbpedia.org/resource/Tonbridge|City
1004|Antwerp|http://dbpedia.org/resource/Antwerp|City
1005|Ottignies-Louvain-la-Neuve|http://dbpedia.org/resource/Ottignies-Louvain-la-Neuve|City
1006|Canterbury|http://dbpedia.org/resource/Canterbury|City
1007|Medway|http://dbpedia.org/resource/Medway|City
1008|Ghent|http://dbpedia.org/resource/Ghent|City
1009|Brussels|http://dbpedia.org/resource/Brussels|City
1010|Taungoo_Township|http://dbpedia.org/resource/Taungoo_Township|City
1011|Sittwe_District|http://dbpedia.org/resource/Sittwe_District|City
1012|Lanmadaw_Township|http://dbpedia.org/resource/Lanmadaw_Township|City
1013|Mayangone|http://dbpedia.org/resource/Mayangone|City
1014|Insein_Township|http://dbpedia.org/resource/Insein_Township|City
1015|Taungoo|http://dbpedia.org/resource/Taungoo|City
1016|Yangon|http://dbpedia.org/resource/Yangon|City
1017|Loikaw|http://dbpedia.org/resource/Loikaw|City
1018|Pyin_U_Lwin|http://dbpedia.org/resource/Pyin_U_Lwin|City
1019|Meiktila|http://dbpedia.org/resource/Meiktila|City
1020|Toronto|http://dbpedia.org/resource/Toronto|City
1021|Fredericton|http://dbpedia.org/resource/Fredericton|City
1022|Edmonton|http://dbpedia.org/resource/Edmonton|City
1023|Ottawa|http://dbpedia.org/resource/Ottawa|City
1024|London|http://dbpedia.org/resource/London|City
1025|Winnipeg|http://dbpedia.org/resource/Winnipeg|City
1026|Hamilton|http://dbpedia.org/resource/Hamilton|City
1027|Saskatoon|http://dbpedia.org/resource/Saskatoon|City
1028|Vancouver|http://dbpedia.org/resource/Vancouver|City
1029|Montreal|http://dbpedia.org/resource/Montreal|City
1030|Kampong_Cham|http://dbpedia.org/resource/Kampong_Cham|City
1031|Siem_Reap|http://dbpedia.org/resource/Siem_Reap|City
1032|Kampong_Speu|http://dbpedia.org/resource/Kampong_Speu|City
1033|Ta_Khmau|http://dbpedia.org/resource/Ta_Khmau|City
1034|Pray_Veng|http://dbpedia.org/resource/Pray_Veng|City
1035|Battambang|http://dbpedia.org/resource/Battambang|City
1036|Borey_Seang_Nam|http://dbpedia.org/resource/Borey_Seang_Nam|City
1037|Phnom_Penh|http://dbpedia.org/resource/Phnom_Penh|City
1038|Sihanoukville|http://dbpedia.org/resource/Sihanoukville|City
1039|Pursat|http://dbpedia.org/resource/Pursat|City
1040|Mokolo|http://dbpedia.org/resource/Mokolo|City
1041|Baffoussam|http://dbpedia.org/resource/Baffoussam|City
1042|Garoua|http://dbpedia.org/resource/Garoua|City
1043|Bangangté|http://dbpedia.org/resource/Bangangté|City
1044|Maroua|http://dbpedia.org/resource/Maroua|City
1045|Buea|http://dbpedia.org/resource/Buea|City
1046|Kumba|http://dbpedia.org/resource/Kumba|City
1047|Yaoundé|http://dbpedia.org/resource/Yaoundé|City
1048|Bamenda|http://dbpedia.org/resource/Bamenda|City
1049|Douala|http://dbpedia.org/resource/Douala|City
1050|Valdivia|http://dbpedia.org/resource/Valdivia|City
1051|Santiago|http://dbpedia.org/resource/Santiago|City
1052|Antofagasta|http://dbpedia.org/resource/Antofagasta|City
1053|Iquique|http://dbpedia.org/resource/Iquique|City
1054|Valparaíso|http://dbpedia.org/resource/Valparaíso|City
1055|Temuco|http://dbpedia.org/resource/Temuco|City
1056|Viña_del_Mar|http://dbpedia.org/resource/Viña_del_Mar|City
1057|Puerto_Montt|http://dbpedia.org/resource/Puerto_Montt|City
1058|Osorno|http://dbpedia.org/resource/Osorno|City
1059|Concepción|http://dbpedia.org/resource/Concepción|City
1060|Bogotá|http://dbpedia.org/resource/Bogotá|City
1061|Cartagena|http://dbpedia.org/resource/Cartagena|City
1062|Pamplona|http://dbpedia.org/resource/Pamplona|City
1063|Manizales|http://dbpedia.org/resource/Manizales|City
1064|Armenia|http://dbpedia.org/resource/Armenia|City
1065|Bucaramanga|http://dbpedia.org/resource/Bucaramanga|City
1066|Cali|http://dbpedia.org/resource/Cali|City
1067|Barranquilla|http://dbpedia.org/resource/Barranquilla|City
1068|Tunja|http://dbpedia.org/resource/Tunja|City
1069|Medellín|http://dbpedia.org/resource/Medellín|City
1070|Havana|http://dbpedia.org/resource/Havana|City
1071|Marianao|http://dbpedia.org/resource/Marianao|City
1072|Santiago_de_Cuba|http://dbpedia.org/resource/Santiago_de_Cuba|City
1073|Jagüey_Grande|http://dbpedia.org/resource/Jagüey_Grande|City
1074|Cienfuegos|http://dbpedia.org/resource/Cienfuegos|City
1075|Matanzas|http://dbpedia.org/resource/Matanzas|City
1076|Pinar_del_Río|http://dbpedia.org/resource/Pinar_del_Río|City
1077|Ciego_de_Ávila|http://dbpedia.org/resource/Ciego_de_Ávila|City
1078|Santa_Clara|http://dbpedia.org/resource/Santa_Clara|City
1079|Camagüey|http://dbpedia.org/resource/Camagüey|City
1080|Ostrava|http://dbpedia.org/resource/Ostrava|City
1081|Liberec|http://dbpedia.org/resource/Liberec|City
1082|Prague|http://dbpedia.org/resource/Prague|City
1083|Mladá_Boleslav|http://dbpedia.org/resource/Mladá_Boleslav|City
1084|České_Budějovice|http://dbpedia.org/resource/České_Budějovice|City
1085|Ústí_nad_Labem|http://dbpedia.org/resource/Ústí_nad_Labem|City
1086|Hradec_Králové|http://dbpedia.org/resource/Hradec_Králové|City
1087|Brno|http://dbpedia.org/resource/Brno|City
1088|Moravia|http://dbpedia.org/resource/Moravia|City
1089|Olomouc|http://dbpedia.org/resource/Olomouc|City
1090|Kinshasa|http://dbpedia.org/resource/Kinshasa|City
1091|Bandundu|http://dbpedia.org/resource/Bandundu|City
1092|Baraka|http://dbpedia.org/resource/Baraka|City
1093|Boma|http://dbpedia.org/resource/Boma|City
1094|Bukavu|http://dbpedia.org/resource/Bukavu|City
1095|Goma|http://dbpedia.org/resource/Goma|City
1096|Kisangani|http://dbpedia.org/resource/Kisangani|City
1097|Kananga|http://dbpedia.org/resource/Kananga|City
1098|Lubumbashi|http://dbpedia.org/resource/Lubumbashi|City
1099|Bas-Congo|http://dbpedia.org/resource/Bas-Congo|City
1100|Alexandria|http://dbpedia.org/resource/Alexandria|City
1101|Monufia_Governorate|http://dbpedia.org/resource/Monufia_Governorate|City
1102|Cairo|http://dbpedia.org/resource/Cairo|City
1103|Beni_Suef|http://dbpedia.org/resource/Beni_Suef|City
1104|Giza|http://dbpedia.org/resource/Giza|City
1105|El_Shorouk|http://dbpedia.org/resource/El_Shorouk|City
1106|New_Cairo|http://dbpedia.org/resource/New_Cairo|City
1107|Ramadan_City|http://dbpedia.org/resource/Ramadan_City|City
1108|Bilbeis|http://dbpedia.org/resource/Bilbeis|City
1109|Sohag|http://dbpedia.org/resource/Sohag|City
1110|Southampton|http://dbpedia.org/resource/Southampton|City
1111|Manchester|http://dbpedia.org/resource/Manchester|City
1112|Leicester|http://dbpedia.org/resource/Leicester|City
1113|Newcastle_upon_Tyne|http://dbpedia.org/resource/Newcastle_upon_Tyne|City
1114|Durham|http://dbpedia.org/resource/Durham|City
1115|Birmingham|http://dbpedia.org/resource/Birmingham|City
1116|York|http://dbpedia.org/resource/York|City
1117|Sheffield|http://dbpedia.org/resource/Sheffield|City
1118|Leeds|http://dbpedia.org/resource/Leeds|City
1119|Dire_Dawa|http://dbpedia.org/resource/Dire_Dawa|City
1120|Debre_Marqos|http://dbpedia.org/resource/Debre_Marqos|City
1121|Nekemte|http://dbpedia.org/resource/Nekemte|City
1122|Awasa|http://dbpedia.org/resource/Awasa|City
1123|Mek'ele|http://dbpedia.org/resource/Mek'ele|City
1124|Bahir_Dar|http://dbpedia.org/resource/Bahir_Dar|City
1125|Addis_Ababa|http://dbpedia.org/resource/Addis_Ababa|City
1126|Mettu|http://dbpedia.org/resource/Mettu|City
1127|Adama|http://dbpedia.org/resource/Adama|City
1128|Jimma|http://dbpedia.org/resource/Jimma|City
1129|Lyon|http://dbpedia.org/resource/Lyon|City
1130|Toulouse|http://dbpedia.org/resource/Toulouse|City
1131|Montpellier|http://dbpedia.org/resource/Montpellier|City
1132|Lille|http://dbpedia.org/resource/Lille|City
1133|Aix-en-Provence|http://dbpedia.org/resource/Aix-en-Provence|City
1134|Évry|http://dbpedia.org/resource/Évry|City
1135|Nancy|http://dbpedia.org/resource/Nancy|City
1136|Grenoble|http://dbpedia.org/resource/Grenoble|City
1137|Nantes|http://dbpedia.org/resource/Nantes|City
1138|Thessaloniki|http://dbpedia.org/resource/Thessaloniki|City
1139|Kozani|http://dbpedia.org/resource/Kozani|City
1140|Patras|http://dbpedia.org/resource/Patras|City
1141|Kalamata|http://dbpedia.org/resource/Kalamata|City
1142|Athens|http://dbpedia.org/resource/Athens|City
1143|Trikala|http://dbpedia.org/resource/Trikala|City
1144|Crete|http://dbpedia.org/resource/Crete|City
1145|Karditsa|http://dbpedia.org/resource/Karditsa|City
1146|Piraeus|http://dbpedia.org/resource/Piraeus|City
1147|Larissa|http://dbpedia.org/resource/Larissa|City
1148|Győr|http://dbpedia.org/resource/Győr|City
1149|Budapest|http://dbpedia.org/resource/Budapest|City
1150|Szeged|http://dbpedia.org/resource/Szeged|City
1151|Esztergom|http://dbpedia.org/resource/Esztergom|City
1152|Salgótarján|http://dbpedia.org/resource/Salgótarján|City
1153|Zalaegerszeg|http://dbpedia.org/resource/Zalaegerszeg|City
1154|Visonta|http://dbpedia.org/resource/Visonta|City
1155|Debrecen|http://dbpedia.org/resource/Debrecen|City
1156|Veszprém|http://dbpedia.org/resource/Veszprém|City
1157|Piliscsaba|http://dbpedia.org/resource/Piliscsaba|City
1158|Shiraz|http://dbpedia.org/resource/Shiraz|City
1159|Shahrekord|http://dbpedia.org/resource/Shahrekord|City
1160|Babol|http://dbpedia.org/resource/Babol|City
1161|Mashhad|http://dbpedia.org/resource/Mashhad|City
1162|Zanjan|http://dbpedia.org/resource/Zanjan|City
1163|Qazvin|http://dbpedia.org/resource/Qazvin|City
1164|Tabriz|http://dbpedia.org/resource/Tabriz|City
1165|Isfahan|http://dbpedia.org/resource/Isfahan|City
1166|Tehran|http://dbpedia.org/resource/Tehran|City
1167|Qom|http://dbpedia.org/resource/Qom|City
1168|Venice|http://dbpedia.org/resource/Venice|City
1169|Pisa|http://dbpedia.org/resource/Pisa|City
1170|Naples|http://dbpedia.org/resource/Naples|City
1171|Trieste|http://dbpedia.org/resource/Trieste|City
1172|Milan|http://dbpedia.org/resource/Milan|City
1173|Rome|http://dbpedia.org/resource/Rome|City
1174|Pavia|http://dbpedia.org/resource/Pavia|City
1175|Florence|http://dbpedia.org/resource/Florence|City
1176|Turin|http://dbpedia.org/resource/Turin|City
1177|Brescia|http://dbpedia.org/resource/Brescia|City
1178|Astana|http://dbpedia.org/resource/Astana|City
1179|Aktobe|http://dbpedia.org/resource/Aktobe|City
1180|Karagandy|http://dbpedia.org/resource/Karagandy|City
1181|Oskemen|http://dbpedia.org/resource/Oskemen|City
1182|Pavlodar|http://dbpedia.org/resource/Pavlodar|City
1183|Taraz|http://dbpedia.org/resource/Taraz|City
1184|Semey|http://dbpedia.org/resource/Semey|City
1185|Shymkent|http://dbpedia.org/resource/Shymkent|City
1186|Almaty|http://dbpedia.org/resource/Almaty|City
1187|Oral|http://dbpedia.org/resource/Oral|City
1188|Machakos|http://dbpedia.org/resource/Machakos|City
1189|Eldoret|http://dbpedia.org/resource/Eldoret|City
1190|Kikuyu|http://dbpedia.org/resource/Kikuyu|City
1191|Kitengela|http://dbpedia.org/resource/Kitengela|City
1192|Nakuru|http://dbpedia.org/resource/Nakuru|City
1193|Kitale|http://dbpedia.org/resource/Kitale|City
1194|Thika|http://dbpedia.org/resource/Thika|City
1195|Nairobi|http://dbpedia.org/resource/Nairobi|City
1196|Nyeri|http://dbpedia.org/resource/Nyeri|City
1197|Ambovombe|http://dbpedia.org/resource/Ambovombe|City
1198|Amparafaravola|http://dbpedia.org/resource/Amparafaravola|City
1199|Mahajanga|http://dbpedia.org/resource/Mahajanga|City
1200|Antsirabe|http://dbpedia.org/resource/Antsirabe|City
1201|Antananarivo|http://dbpedia.org/resource/Antananarivo|City
1202|Toamasina|http://dbpedia.org/resource/Toamasina|City
1203|Fianarantosa|http://dbpedia.org/resource/Fianarantosa|City
1204|Antanifotsy|http://dbpedia.org/resource/Antanifotsy|City
1205|Toliara|http://dbpedia.org/resource/Toliara|City
1206|Antsiranana|http://dbpedia.org/resource/Antsiranana|City
1207|Cyberjaya|http://dbpedia.org/resource/Cyberjaya|City
1208|Kuching|http://dbpedia.org/resource/Kuching|City
1209|Nilai|http://dbpedia.org/resource/Nilai|City
1210|George_Town|http://dbpedia.org/resource/George_Town|City
1211|Penang|http://dbpedia.org/resource/Penang|City
1212|Selangor|http://dbpedia.org/resource/Selangor|City
1213|Wilayah_Persekutuan_Kuala_Lumpur|http://dbpedia.org/resource/Wilayah_Persekutuan_Kuala_Lumpur|City
1214|Kuala_Lumpur|http://dbpedia.org/resource/Kuala_Lumpur|City
1215|Terengganu|http://dbpedia.org/resource/Terengganu|City
1216|Shah_Alam|http://dbpedia.org/resource/Shah_Alam|City
1217|Codru|http://dbpedia.org/resource/Codru|City
1218|Ungheni|http://dbpedia.org/resource/Ungheni|City
1219|Orhei|http://dbpedia.org/resource/Orhei|City
1220|Comrat|http://dbpedia.org/resource/Comrat|City
1221|Cahul|http://dbpedia.org/resource/Cahul|City
1222|Tiraspol|http://dbpedia.org/resource/Tiraspol|City
1223|Chişinău|http://dbpedia.org/resource/Chişinău|City
1224|Balti|http://dbpedia.org/resource/Balti|City
1225|Bender|http://dbpedia.org/resource/Bender|City
1226|Soroca|http://dbpedia.org/resource/Soroca|City
1227|Oujda|http://dbpedia.org/resource/Oujda|City
1228|Casablanca|http://dbpedia.org/resource/Casablanca|City
1229|Marrakech|http://dbpedia.org/resource/Marrakech|City
1230|Rabat|http://dbpedia.org/resource/Rabat|City
1231|Sale|http://dbpedia.org/resource/Sale|City
1232|Ifrane|http://dbpedia.org/resource/Ifrane|City
1233|Agadir|http://dbpedia.org/resource/Agadir|City
1234|Fes|http://dbpedia.org/resource/Fes|City
1235|Meknes|http://dbpedia.org/resource/Meknes|City
1236|Tangier-Tetouan|http://dbpedia.org/resource/Tangier-Tetouan|City
1237|Nala|http://dbpedia.org/resource/Nala|City
1238|Kirtipur|http://dbpedia.org/resource/Kirtipur|City
1239|Balkumari|http://dbpedia.org/resource/Balkumari|City
1240|Lumbini|http://dbpedia.org/resource/Lumbini|City
1241|Pokhara|http://dbpedia.org/resource/Pokhara|City
1242|Dharan|http://dbpedia.org/resource/Dharan|City
1243|Gwarko|http://dbpedia.org/resource/Gwarko|City
1244|Lalitpur|http://dbpedia.org/resource/Lalitpur|City
1245|Kathmandu|http://dbpedia.org/resource/Kathmandu|City
1246|Rajbiraj|http://dbpedia.org/resource/Rajbiraj|City
1247|Groningen|http://dbpedia.org/resource/Groningen|City
1248|The_Hague|http://dbpedia.org/resource/The_Hague|City
1249|Heerlen|http://dbpedia.org/resource/Heerlen|City
1250|Leiden|http://dbpedia.org/resource/Leiden|City
1251|Maastricht|http://dbpedia.org/resource/Maastricht|City
1252|Eindhoven|http://dbpedia.org/resource/Eindhoven|City
1253|Utrecht|http://dbpedia.org/resource/Utrecht|City
1254|Amsterdam|http://dbpedia.org/resource/Amsterdam|City
1255|Tilburg|http://dbpedia.org/resource/Tilburg|City
1256|Rotterdam|http://dbpedia.org/resource/Rotterdam|City
1257|Tessaoua|http://dbpedia.org/resource/Tessaoua|City
1258|Arlit|http://dbpedia.org/resource/Arlit|City
1259|Abidjan|http://dbpedia.org/resource/Abidjan|City
1260|Niamey|http://dbpedia.org/resource/Niamey|City
1261|Zinder|http://dbpedia.org/resource/Zinder|City
1262|Tahoua|http://dbpedia.org/resource/Tahoua|City
1263|Birni_Nkonni|http://dbpedia.org/resource/Birni_Nkonni|City
1264|Agadez|http://dbpedia.org/resource/Agadez|City
1265|Maradi|http://dbpedia.org/resource/Maradi|City
1266|Dosso|http://dbpedia.org/resource/Dosso|City
1267|Trujillo|http://dbpedia.org/resource/Trujillo|City
1268|Distrito_de_Bellavista|http://dbpedia.org/resource/Distrito_de_Bellavista|City
1269|Chorrillos_District|http://dbpedia.org/resource/Chorrillos_District|City
1270|Arequipa|http://dbpedia.org/resource/Arequipa|City
1271|Jesús_María|http://dbpedia.org/resource/Jesús_María|City
1272|Chosica,Lima|http://dbpedia.org/resource/Chosica,Lima|City
1273|Huancayo|http://dbpedia.org/resource/Huancayo|City
1274|Callao|http://dbpedia.org/resource/Callao|City
1275|Lima|http://dbpedia.org/resource/Lima|City
1276|La_Punta|http://dbpedia.org/resource/La_Punta|City
1277|Gdańsk|http://dbpedia.org/resource/Gdańsk|City
1278|Szczecin|http://dbpedia.org/resource/Szczecin|City
1279|Wrocław|http://dbpedia.org/resource/Wrocław|City
1280|Radom|http://dbpedia.org/resource/Radom|City
1281|Łódź|http://dbpedia.org/resource/Łódź|City
1282|Katowice|http://dbpedia.org/resource/Katowice|City
1283|Lublin|http://dbpedia.org/resource/Lublin|City
1284|Kraków|http://dbpedia.org/resource/Kraków|City
1285|Poznań|http://dbpedia.org/resource/Poznań|City
1286|Warsaw|http://dbpedia.org/resource/Warsaw|City
1287|Porto|http://dbpedia.org/resource/Porto|City
1288|Steenokkerzeel|http://dbpedia.org/resource/Steenokkerzeel|City
1289|Faro|http://dbpedia.org/resource/Faro|City
1290|Almada|http://dbpedia.org/resource/Almada|City
1291|Braga|http://dbpedia.org/resource/Braga|City
1292|Coimbra|http://dbpedia.org/resource/Coimbra|City
1293|Lisbon|http://dbpedia.org/resource/Lisbon|City
1294|Évora|http://dbpedia.org/resource/Évora|City
1295|Mesa|http://dbpedia.org/resource/Mesa|City
1296|Funchal|http://dbpedia.org/resource/Funchal|City
1297|Taichung|http://dbpedia.org/resource/Taichung|City
1298|Yongkang_District|http://dbpedia.org/resource/Yongkang_District|City
1299|Zhongli|http://dbpedia.org/resource/Zhongli|City
1300|Yunlin_County|http://dbpedia.org/resource/Yunlin_County|City
1301|Hsinchu|http://dbpedia.org/resource/Hsinchu|City
1302|Kaohsiung|http://dbpedia.org/resource/Kaohsiung|City
1303|Taipei|http://dbpedia.org/resource/Taipei|City
1304|Tainan|http://dbpedia.org/resource/Tainan|City
1305|Bucharest|http://dbpedia.org/resource/Bucharest|City
1306|Cluj-Napoca|http://dbpedia.org/resource/Cluj-Napoca|City
1307|Constanța|http://dbpedia.org/resource/Constanța|City
1308|Iași|http://dbpedia.org/resource/Iași|City
1309|Galați|http://dbpedia.org/resource/Galați|City
1310|Brașov|http://dbpedia.org/resource/Brașov|City
1311|Arad|http://dbpedia.org/resource/Arad|City
1312|Oradea|http://dbpedia.org/resource/Oradea|City
1313|Târgoviște|http://dbpedia.org/resource/Târgoviște|City
1314|Timișoara|http://dbpedia.org/resource/Timișoara|City
1315|Kolda|http://dbpedia.org/resource/Kolda|City
1316|Saint-Louis|http://dbpedia.org/resource/Saint-Louis|City
1317|Thies|http://dbpedia.org/resource/Thies|City
1318|Louga|http://dbpedia.org/resource/Louga|City
1319|Touba|http://dbpedia.org/resource/Touba|City
1320|Dakar|http://dbpedia.org/resource/Dakar|City
1321|Diourbel|http://dbpedia.org/resource/Diourbel|City
1322|Tambacounda|http://dbpedia.org/resource/Tambacounda|City
1323|Rufisque|http://dbpedia.org/resource/Rufisque|City
1324|Cape_Town|http://dbpedia.org/resource/Cape_Town|City
1325|Durban|http://dbpedia.org/resource/Durban|City
1326|Bloemfontein|http://dbpedia.org/resource/Bloemfontein|City
1327|Saldanha|http://dbpedia.org/resource/Saldanha|City
1328|eMalahleni|http://dbpedia.org/resource/eMalahleni|City
1329|Mthatha|http://dbpedia.org/resource/Mthatha|City
1330|Johannesburg|http://dbpedia.org/resource/Johannesburg|City
1331|Bellville|http://dbpedia.org/resource/Bellville|City
1332|Pretoria|http://dbpedia.org/resource/Pretoria|City
1333|Seoul|http://dbpedia.org/resource/Seoul|City
1334|Seongbuk-gu|http://dbpedia.org/resource/Seongbuk-gu|City
1335|Suwon|http://dbpedia.org/resource/Suwon|City
1336|Gwangju|http://dbpedia.org/resource/Gwangju|City
1337|Daejeon|http://dbpedia.org/resource/Daejeon|City
1338|Pohang|http://dbpedia.org/resource/Pohang|City
1339|Busan|http://dbpedia.org/resource/Busan|City
1340|Andong|http://dbpedia.org/resource/Andong|City
1341|Yongin|http://dbpedia.org/resource/Yongin|City
1342|Incheon|http://dbpedia.org/resource/Incheon|City
1343|Salamanca|http://dbpedia.org/resource/Salamanca|City
1344|Madrid|http://dbpedia.org/resource/Madrid|City
1345|Barcelona|http://dbpedia.org/resource/Barcelona|City
1346|Seville|http://dbpedia.org/resource/Seville|City
1347|Valladolid|http://dbpedia.org/resource/Valladolid|City
1348|Santander|http://dbpedia.org/resource/Santander|City
1349|Vigo|http://dbpedia.org/resource/Vigo|City
1350|San_Sebastián|http://dbpedia.org/resource/San_Sebastián|City
1351|Valencia|http://dbpedia.org/resource/Valencia|City
1352|Bilbao|http://dbpedia.org/resource/Bilbao|City
1353|Kelaniya|http://dbpedia.org/resource/Kelaniya|City
1354|Elpitiya|http://dbpedia.org/resource/Elpitiya|City
1355|Matara|http://dbpedia.org/resource/Matara|City
1356|Nugegoda|http://dbpedia.org/resource/Nugegoda|City
1357|Colombo|http://dbpedia.org/resource/Colombo|City
1358|Kandy|http://dbpedia.org/resource/Kandy|City
1359|Peradeniya|http://dbpedia.org/resource/Peradeniya|City
1360|Ratmalana_Airport|http://dbpedia.org/resource/Ratmalana_Airport|City
1361|Malabe|http://dbpedia.org/resource/Malabe|City
1362|Batalanda|http://dbpedia.org/resource/Batalanda|City
1363|Rovaniemi|http://dbpedia.org/resource/Rovaniemi|City
1364|Malmö|http://dbpedia.org/resource/Malmö|City
1365|Uppsala|http://dbpedia.org/resource/Uppsala|City
1366|Umeå|http://dbpedia.org/resource/Umeå|City
1367|Borås|http://dbpedia.org/resource/Borås|City
1368|Jönköping|http://dbpedia.org/resource/Jönköping|City
1369|Stockholm|http://dbpedia.org/resource/Stockholm|City
1370|Lund|http://dbpedia.org/resource/Lund|City
1371|Örebro|http://dbpedia.org/resource/Örebro|City
1372|Gothenburg|http://dbpedia.org/resource/Gothenburg|City
1373|Mwanza|http://dbpedia.org/resource/Mwanza|City
1374|Arusha|http://dbpedia.org/resource/Arusha|City
1375|Morogoro|http://dbpedia.org/resource/Morogoro|City
1376|Mzumbe_morogoro|http://dbpedia.org/resource/Mzumbe_morogoro|City
1377|Dar_es_Salaam|http://dbpedia.org/resource/Dar_es_Salaam|City
1378|Mbeya|http://dbpedia.org/resource/Mbeya|City
1379|Unguja|http://dbpedia.org/resource/Unguja|City
1380|Dodoma|http://dbpedia.org/resource/Dodoma|City
1381|Zanzibar|http://dbpedia.org/resource/Zanzibar|City
1382|Nakhon_Pathom_Province|http://dbpedia.org/resource/Nakhon_Pathom_Province|City
1383|Bangkok|http://dbpedia.org/resource/Bangkok|City
1384|Pathum_Thani_Province|http://dbpedia.org/resource/Pathum_Thani_Province|City
1385|Pathum_Thani|http://dbpedia.org/resource/Pathum_Thani|City
1386|Lampang|http://dbpedia.org/resource/Lampang|City
1387|Chiang_Mai|http://dbpedia.org/resource/Chiang_Mai|City
1388|Klong_Luang|http://dbpedia.org/resource/Klong_Luang|City
1389|Hat_Yai|http://dbpedia.org/resource/Hat_Yai|City
1390|Songkhla|http://dbpedia.org/resource/Songkhla|City
1391|Narathiwat|http://dbpedia.org/resource/Narathiwat|City
1392|La_Marsa|http://dbpedia.org/resource/La_Marsa|City
1393|Bizerte|http://dbpedia.org/resource/Bizerte|City
1394|Etadhamen|http://dbpedia.org/resource/Etadhamen|City
1395|Sfax|http://dbpedia.org/resource/Sfax|City
1396|Gabes|http://dbpedia.org/resource/Gabes|City
1397|Monastir|http://dbpedia.org/resource/Monastir|City
1398|Sousse|http://dbpedia.org/resource/Sousse|City
1399|Kairouan|http://dbpedia.org/resource/Kairouan|City
1400|Tunis|http://dbpedia.org/resource/Tunis|City
1401|El_Mourouj|http://dbpedia.org/resource/El_Mourouj|City
1402|Mersin|http://dbpedia.org/resource/Mersin|City
1403|Istanbul|http://dbpedia.org/resource/Istanbul|City
1404|Çankaya|http://dbpedia.org/resource/Çankaya|City
1405|Ankara|http://dbpedia.org/resource/Ankara|City
1406|Bursa|http://dbpedia.org/resource/Bursa|City
1407|Gaziantep|http://dbpedia.org/resource/Gaziantep|City
1408|Eskişehir|http://dbpedia.org/resource/Eskişehir|City
1409|Gebze|http://dbpedia.org/resource/Gebze|City
1410|Kadıköy|http://dbpedia.org/resource/Kadıköy|City
1411|Izmir|http://dbpedia.org/resource/Izmir|City
1412|Kiev|http://dbpedia.org/resource/Kiev|City
1413|Mykolaiv|http://dbpedia.org/resource/Mykolaiv|City
1414|Dnipropetrovsk|http://dbpedia.org/resource/Dnipropetrovsk|City
1415|Kharkiv|http://dbpedia.org/resource/Kharkiv|City
1416|Uzhhorod|http://dbpedia.org/resource/Uzhhorod|City
1417|Lviv|http://dbpedia.org/resource/Lviv|City
1418|Donetsk|http://dbpedia.org/resource/Donetsk|City
1419|Luhansk|http://dbpedia.org/resource/Luhansk|City
1420|Chernivtsi|http://dbpedia.org/resource/Chernivtsi|City
1421|Odessa|http://dbpedia.org/resource/Odessa|City
1422|Coventry|http://dbpedia.org/resource/Coventry|City
1423|Liverpool|http://dbpedia.org/resource/Liverpool|City
1424|North_Wales|http://dbpedia.org/resource/North_Wales|City
1425|Bristol|http://dbpedia.org/resource/Bristol|City
1426|Caracas|http://dbpedia.org/resource/Caracas|City
1427|Barquisimeto|http://dbpedia.org/resource/Barquisimeto|City
1428|Nueva_Esparta|http://dbpedia.org/resource/Nueva_Esparta|City
1429|Anzoátegui|http://dbpedia.org/resource/Anzoátegui|City
1430|Maracaibo|http://dbpedia.org/resource/Maracaibo|City
1431|Monagas|http://dbpedia.org/resource/Monagas|City
1432|Bolívar|http://dbpedia.org/resource/Bolívar|City
1433|Sucre|http://dbpedia.org/resource/Sucre|City
1434|Al_Hudaydah|http://dbpedia.org/resource/Al_Hudaydah|City
1435|Zinjibar|http://dbpedia.org/resource/Zinjibar|City
1436|Dhamar|http://dbpedia.org/resource/Dhamar|City
1437|Ibb|http://dbpedia.org/resource/Ibb|City
1438|Hadhramaut|http://dbpedia.org/resource/Hadhramaut|City
1439|Ta'izz|http://dbpedia.org/resource/Ta'izz|City
1440|Sayyan|http://dbpedia.org/resource/Sayyan|City
1441|Aden|http://dbpedia.org/resource/Aden|City
1442|Sana'a|http://dbpedia.org/resource/Sana'a|City
1443|Al_Mukalla|http://dbpedia.org/resource/Al_Mukalla|City
1444|Luanshya|http://dbpedia.org/resource/Luanshya|City
1445|Livingstone|http://dbpedia.org/resource/Livingstone|City
1446|Monze|http://dbpedia.org/resource/Monze|City
1447|Ndola|http://dbpedia.org/resource/Ndola|City
1448|Kasama|http://dbpedia.org/resource/Kasama|City
1449|Kabwe|http://dbpedia.org/resource/Kabwe|City
1450|Mufulira|http://dbpedia.org/resource/Mufulira|City
1451|Kitwe|http://dbpedia.org/resource/Kitwe|City
1452|Lusaka|http://dbpedia.org/resource/Lusaka|City
1453|Chingola|http://dbpedia.org/resource/Chingola|City
1454|Asia|http://dbpedia.org/resource/Asia|Continent
1455|Africa|http://dbpedia.org/resource/Africa|Continent
1456|Europe|http://dbpedia.org/resource/Europe|Continent
1457|South_America|http://dbpedia.org/resource/South_America|Continent
1458|North_America|http://dbpedia.org/resource/North_America|Continent
1459|Australia|http://dbpedia.org/resource/Australia|Continent
